data_coleta,data_checkin,data_checkout,noites,hospedes,produto_villa_referencia,unidade_villa_referencia,concorrente,canal,link,disponivel,preco_total_visivel_canal,preco_diaria_visivel_canal,taxas_inclusas,minimo_noites,observacoes,preco_diaria_motor_equivalente,status
2026-07-25,2026-10-09,2026-10-12,3,2,Pousada Arágua,base (Organic/Fuego/Metallo),Vila Boa Vida,Booking,https://www.booking.com/hotel/br/vila-boa-vida.pt-br.html?checkin=2026-10-09&checkout=2026-10-12&group_adults=2&group_children=0&no_rooms=1,SIM,"R$ 1.271,00","R$ 423,67",SIM,"não confirmado; a busca de 3 noites foi aceita","Quarto Duplo Standard, 1 cama de casal, máx. 2 pessoas, usado como âncora casal base. Outras tarifas visíveis no mesmo período (3 noites, 2 adultos, impostos e taxas incluídos): Suíte R$ 1.571 total; Suíte com hidromassagem R$ 1.946 total; Suíte Deluxe com hidromassagem R$ 2.246 total; Chalé R$ 2.321 total. Depósito caução de R$ 500 na chegada, reembolsável, não incluso na tarifa.","R$ 338,93",COLETADO_COM_SUCESSO
2026-07-25,2026-09-04,2026-09-08,4,2,Pousada Arágua,base (Organic/Fuego/Metallo),Vila Boa Vida,Booking,https://www.booking.com/hotel/br/vila-boa-vida.pt-br.html?checkin=2026-09-04&checkout=2026-09-08&group_adults=2&group_children=0&no_rooms=1,SIM,"R$ 1.695,00","R$ 423,75",SIM,"não informado explicitamente; busca de 4 noites aceita","Rodada 1 (feriado 7 de Setembro + Curitiba 8/9). Âncora: Quarto Duplo Standard.","R$ 339,00",COLETADO_COM_SUCESSO
2026-07-25,2026-09-04,2026-09-08,4,2,Pousada Arágua,base (Organic/Fuego/Metallo),Vila Maciel,Booking,https://www.booking.com/hotel/br/villa-maciel-bombinhas.pt-br.html?checkin=2026-09-04&checkout=2026-09-08&group_adults=2&group_children=0&no_rooms=1,SIM,"R$ 938,00 (com 30% de desconto ativo; original R$ 1.340,00)","R$ 234,50",SIM,"não informado","Rodada 1. Âncora: Apartamento Standard. Preço com desconto promocional ativo no momento da coleta.","R$ 187,60",COLETADO_COM_SUCESSO
2026-07-25,2026-09-04,2026-09-08,4,2,Pousada Arágua,base (Organic/Fuego/Metallo),Pousada Kaloa Eco Village,Booking,https://www.booking.com/hotel/br/pousada-kaloa-eco-village.pt-br.html?checkin=2026-09-04&checkout=2026-09-08&group_adults=2&group_children=0&no_rooms=1,SIM,"R$ 1.949,00","R$ 487,25",SIM,"não informado","Rodada 1. Âncora: Suíte Standard.","R$ 389,80",COLETADO_COM_SUCESSO
2026-07-25,2026-09-04,2026-09-08,4,2,Pousada Arágua,base (Organic/Fuego/Metallo),Pousada Riviera Bombinhas,Booking,https://www.booking.com/hotel/br/pousada-riviera-bombinhas.pt-br.html?checkin=2026-09-04&checkout=2026-09-08&group_adults=2&group_children=0&no_rooms=1,SIM,"R$ 1.894,00","R$ 473,50",SIM,"não informado","Rodada 1. Âncora: Suíte Loft Riviera.","R$ 378,80",COLETADO_COM_SUCESSO
2026-07-25,2026-09-04,2026-09-08,4,2,Pousada Arágua,base (Organic/Fuego/Metallo),Pousada dos Ingleses,Booking,https://www.booking.com/hotel/br/pousada-dos-ingleses.pt-br.html?checkin=2026-09-04&checkout=2026-09-08&group_adults=2&group_children=0&no_rooms=1,SIM,"R$ 1.254,00 (R$ 1.134,00 + R$ 120,00 de impostos/taxas exibidos à parte)","R$ 313,50",NAO (taxas separadas neste site — já somadas ao total acima),"não informado","Rodada 1. Âncora: Quarto Duplo Clássico. Apenas 3 categorias disponíveis nesta busca (Quarto Duplo Básico não apareceu, possivelmente esgotado).","R$ 250,80",COLETADO_COM_SUCESSO
2026-07-25,2026-09-04,2026-09-08,4,2,Pousada Arágua,base (Organic/Fuego/Metallo),Pousada Dom Capudi,Booking,https://www.booking.com/hotel/br/pousada-dom-capudi.pt-br.html?checkin=2026-09-04&checkout=2026-09-08&group_adults=2&group_children=0&no_rooms=1,NAO,N/A,N/A,N/A,N/A,"Rodada 1. Booking exibe: 'Não temos disponibilidade aqui de sex., 4 de set. de 2026 a ter., 8 de set. de 2026.' Todas as categorias (incluindo a âncora Quarto Duplo) aparecem indisponíveis — esgotado no site para o período do feriado.",N/A,PRECISA_VALIDACAO_MANUAL
2026-07-25,2026-09-04,2026-09-08,4,2,Pousada Arágua,base (Organic/Fuego/Metallo),Pousada Kia Ora Bombinhas,Booking,https://www.booking.com/hotel/br/kia-ora-bombinhas.pt-br.html?checkin=2026-09-04&checkout=2026-09-08&group_adults=2&group_children=0&no_rooms=1,SIM,"R$ 2.341,00","R$ 585,25",SIM,"não informado","Rodada 1. Âncora: Quarto Duplo Deluxe com Vista Lateral do Mar (plano de cancelamento mais barato entre 2 opções da mesma categoria).","R$ 468,20",COLETADO_COM_SUCESSO
2026-07-25,2026-09-04,2026-09-08,4,2,Pousada Arágua,base (Organic/Fuego/Metallo),Morada do Guaruça,Booking,https://www.booking.com/hotel/br/morada-do-guaruca.pt-br.html?checkin=2026-09-04&checkout=2026-09-08&group_adults=2&group_children=0&no_rooms=1,NAO,N/A,N/A,N/A,N/A,"Rodada 1 (ampliada). A âncora aprovada na Rodada 0 (Apartamento de 1 Quarto, R$ 1.835/3 diárias) não aparece entre as categorias disponíveis para este período — provavelmente esgotada. Outras categorias mais caras seguem à venda (Apartamento com Vista do Mar R$ 3.601; Apartamento Standard R$ 3.714; Apartamento Duplex R$ 4.554, todos 4 diárias), mas não são a âncora aprovada — não usadas como coleta válida.",N/A,PRECISA_VALIDACAO_MANUAL
2026-07-25,2026-09-04,2026-09-08,4,2,Pousada Arágua,base (Organic/Fuego/Metallo),UP Hotel Boutique,Booking,https://www.booking.com/hotel/br/up-boutique.pt-br.html?checkin=2026-09-04&checkout=2026-09-08&group_adults=2&group_children=0&no_rooms=1,SIM,"R$ 2.412,00","R$ 603,00",SIM,"não informado","Rodada 1 (ampliada). Âncora: Quarto Duplo Deluxe com Banheira (plano de cancelamento mais barato entre 2 opções da mesma categoria).","R$ 482,40",COLETADO_COM_SUCESSO
2026-07-25,2026-09-04,2026-09-08,4,2,Pousada Arágua,base (Organic/Fuego/Metallo),Hotel/Pousada Atalaia do Mariscal,Booking,https://www.booking.com/hotel/br/pousada-atalaia-do-mariscal.pt-br.html?checkin=2026-09-04&checkout=2026-09-08&group_adults=2&group_children=0&no_rooms=1,NAO,N/A,N/A,N/A,N/A,"Rodada 1 (teto de mercado). Booking exibe: 'Não temos disponibilidade aqui de sex., 4 de set. de 2026 a ter., 8 de set. de 2026.' Todas as categorias indisponíveis, incluindo a âncora (Suíte Superior). O site ofereceu datas alternativas (11-13/09, 2 diárias, a partir de R$ 1.561; e 4-7/09, 3 diárias, a partir de R$ 3.512) — não usadas por não corresponderem ao período de 4 noites pedido.",N/A,PRECISA_VALIDACAO_MANUAL
2026-07-25,2026-10-09,2026-10-12,3,2,Pousada Arágua,base (Organic/Fuego/Metallo),Vila Boa Vida,Booking,https://www.booking.com/hotel/br/vila-boa-vida.pt-br.html?checkin=2026-10-09&checkout=2026-10-12&group_adults=2&group_children=0&no_rooms=1,SIM,"R$ 1.271,00","R$ 423,67",SIM,"não informado","Rodada 2 (feriado 12 de Outubro). Âncora: Quarto Duplo Standard.","R$ 338,93",COLETADO_COM_SUCESSO
2026-07-25,2026-10-09,2026-10-12,3,2,Pousada Arágua,base (Organic/Fuego/Metallo),Vila Maciel,Booking,https://www.booking.com/hotel/br/villa-maciel-bombinhas.pt-br.html?checkin=2026-10-09&checkout=2026-10-12&group_adults=2&group_children=0&no_rooms=1,SIM,"R$ 840,00 (com 20% de desconto ativo; original R$ 1.050,00)","R$ 280,00",SIM,"não informado","Rodada 2. Âncora: Apartamento Standard. Preço com desconto promocional ativo no momento da coleta.","R$ 224,00",COLETADO_COM_SUCESSO
2026-07-25,2026-10-09,2026-10-12,3,2,Pousada Arágua,base (Organic/Fuego/Metallo),Pousada Kaloa Eco Village,Booking,https://www.booking.com/hotel/br/pousada-kaloa-eco-village.pt-br.html?checkin=2026-10-09&checkout=2026-10-12&group_adults=2&group_children=0&no_rooms=1,SIM,"R$ 1.462,00","R$ 487,33",SIM,"não informado","Rodada 2. Âncora: Suíte Standard.","R$ 389,87",COLETADO_COM_SUCESSO
2026-07-25,2026-10-09,2026-10-12,3,2,Pousada Arágua,base (Organic/Fuego/Metallo),Pousada Riviera Bombinhas,Booking,https://www.booking.com/hotel/br/pousada-riviera-bombinhas.pt-br.html?checkin=2026-10-09&checkout=2026-10-12&group_adults=2&group_children=0&no_rooms=1,SIM,"R$ 1.458,00","R$ 486,00",SIM,"não informado","Rodada 2. Âncora: Suíte Loft Riviera.","R$ 388,80",COLETADO_COM_SUCESSO
2026-07-25,2026-10-09,2026-10-12,3,2,Pousada Arágua,base (Organic/Fuego/Metallo),Pousada dos Ingleses,Booking,https://www.booking.com/hotel/br/pousada-dos-ingleses.pt-br.html?checkin=2026-10-09&checkout=2026-10-12&group_adults=2&group_children=0&no_rooms=1,SIM,"R$ 970,00 (R$ 850,00 + R$ 120,00 de impostos/taxas exibidos à parte)","R$ 323,33",NAO (taxas separadas neste site — já somadas ao total acima),"não informado","Rodada 2. Âncora: Quarto Duplo Clássico.","R$ 258,67",COLETADO_COM_SUCESSO
2026-07-25,2026-10-09,2026-10-12,3,2,Pousada Arágua,base (Organic/Fuego/Metallo),Pousada Dom Capudi,Booking,https://www.booking.com/hotel/br/pousada-dom-capudi.pt-br.html?checkin=2026-10-09&checkout=2026-10-12&group_adults=2&group_children=0&no_rooms=1,SIM,"R$ 1.354,00","R$ 451,33",SIM,"não informado","Rodada 2. Âncora: Quarto Duplo. Disponível nesta rodada (estava esgotado na Rodada 1).","R$ 361,07",COLETADO_COM_SUCESSO
2026-07-25,2026-10-09,2026-10-12,3,2,Pousada Arágua,base (Organic/Fuego/Metallo),Pousada Kia Ora Bombinhas,Booking,https://www.booking.com/hotel/br/kia-ora-bombinhas.pt-br.html?checkin=2026-10-09&checkout=2026-10-12&group_adults=2&group_children=0&no_rooms=1,SIM,"R$ 2.006,00","R$ 668,67",SIM,"não informado","Rodada 2. Âncora: Quarto Duplo Deluxe com Vista Lateral do Mar (plano de cancelamento mais barato entre 2 opções da mesma categoria).","R$ 534,93",COLETADO_COM_SUCESSO
2026-07-25,2026-10-09,2026-10-12,3,2,Pousada Arágua,base (Organic/Fuego/Metallo),Morada do Guaruça,Booking,https://www.booking.com/hotel/br/morada-do-guaruca.pt-br.html?checkin=2026-10-09&checkout=2026-10-12&group_adults=2&group_children=0&no_rooms=1,SIM,"R$ 1.835,00","R$ 611,67",SIM,"não informado","Rodada 2 (ampliada). Âncora: Apartamento de 1 Quarto. Disponível nesta rodada (estava esgotada na Rodada 1).","R$ 489,33",COLETADO_COM_SUCESSO
2026-07-25,2026-10-09,2026-10-12,3,2,Pousada Arágua,base (Organic/Fuego/Metallo),UP Hotel Boutique,Booking,https://www.booking.com/hotel/br/up-boutique.pt-br.html?checkin=2026-10-09&checkout=2026-10-12&group_adults=2&group_children=0&no_rooms=1,SIM,"R$ 1.744,00","R$ 581,33",SIM,"não informado","Rodada 2 (ampliada). Âncora: Quarto Duplo Deluxe com Banheira (plano de cancelamento mais barato entre 2 opções da mesma categoria).","R$ 465,07",COLETADO_COM_SUCESSO
2026-07-25,2026-10-09,2026-10-12,3,2,Pousada Arágua,base (Organic/Fuego/Metallo),Hotel/Pousada Atalaia do Mariscal,Booking,https://www.booking.com/hotel/br/pousada-atalaia-do-mariscal.pt-br.html?checkin=2026-10-09&checkout=2026-10-12&group_adults=2&group_children=0&no_rooms=1,SIM,"R$ 4.800,00","R$ 1.600,00",SIM,"não informado","Rodada 2 (teto de mercado). Âncora: Suíte Superior. Disponível nesta rodada (estava esgotado na Rodada 1) — referência, não entra em nenhuma média.","R$ 1.280,00",COLETADO_COM_SUCESSO
2026-07-26,2026-10-30,2026-11-02,3,2,Pousada Arágua,base (Organic/Fuego/Metallo),Vila Boa Vida,Booking,https://www.booking.com/hotel/br/vila-boa-vida.pt-br.html?checkin=2026-10-30&checkout=2026-11-02&group_adults=2&group_children=0&no_rooms=1,SIM,"R$ 1.373,00","R$ 457,67",SIM,"não informado","Rodada 3 (feriado de Finados, 30/10-02/11). Âncora: Quarto Duplo Standard.","R$ 366,13",COLETADO_COM_SUCESSO
2026-07-26,2026-10-30,2026-11-02,3,2,Pousada Arágua,base (Organic/Fuego/Metallo),Vila Maciel,Booking,https://www.booking.com/hotel/br/villa-maciel-bombinhas.pt-br.html?checkin=2026-10-30&checkout=2026-11-02&group_adults=2&group_children=0&no_rooms=1,SIM,"R$ 840,00 (com 20% de desconto ativo; original R$ 1.050,00)","R$ 280,00",SIM,"não informado","Rodada 3. Âncora: Apartamento Standard. Preço com desconto promocional ativo no momento da coleta.","R$ 224,00",COLETADO_COM_SUCESSO
2026-07-26,2026-10-30,2026-11-02,3,2,Pousada Arágua,base (Organic/Fuego/Metallo),Pousada Kaloa Eco Village,Booking,https://www.booking.com/hotel/br/pousada-kaloa-eco-village.pt-br.html?checkin=2026-10-30&checkout=2026-11-02&group_adults=2&group_children=0&no_rooms=1,SIM,"R$ 1.510,00","R$ 503,33",SIM,"não informado","Rodada 3. Âncora: Suíte Standard.","R$ 402,67",COLETADO_COM_SUCESSO
2026-07-26,2026-10-30,2026-11-02,3,2,Pousada Arágua,base (Organic/Fuego/Metallo),Pousada Riviera Bombinhas,Booking,https://www.booking.com/hotel/br/pousada-riviera-bombinhas.pt-br.html?checkin=2026-10-30&checkout=2026-11-02&group_adults=2&group_children=0&no_rooms=1,SIM,"R$ 1.568,00","R$ 522,67",SIM,"não informado","Rodada 3. Âncora: Suíte Loft Riviera.","R$ 418,13",COLETADO_COM_SUCESSO
2026-07-26,2026-10-30,2026-11-02,3,2,Pousada Arágua,base (Organic/Fuego/Metallo),Pousada Kia Ora Bombinhas,Booking,https://www.booking.com/hotel/br/kia-ora-bombinhas.pt-br.html?checkin=2026-10-30&checkout=2026-11-02&group_adults=2&group_children=0&no_rooms=1,NAO,N/A,N/A,N/A,N/A,"Rodada 3. Booking exibe: 'Não temos disponibilidade aqui de sex., 30 de out. de 2026 a seg., 2 de nov. de 2026.' Todas as categorias indisponíveis, incluindo a âncora (Quarto Duplo Deluxe com Vista Lateral do Mar).",N/A,PRECISA_VALIDACAO_MANUAL
2026-07-26,2026-10-30,2026-11-02,3,2,Pousada Arágua,base (Organic/Fuego/Metallo),Pousada dos Ingleses,Booking,https://www.booking.com/hotel/br/pousada-dos-ingleses.pt-br.html?checkin=2026-10-30&checkout=2026-11-02&group_adults=2&group_children=0&no_rooms=1,SIM,"R$ 829,00 (R$ 709,00 + R$ 120,00 de impostos/taxas exibidos à parte)","R$ 276,33",NAO (taxas separadas neste site — já somadas ao total acima),"não informado","Rodada 3. Âncora: Quarto Duplo Clássico.","R$ 221,07",COLETADO_COM_SUCESSO
2026-07-26,2026-10-30,2026-11-02,3,2,Pousada Arágua,base (Organic/Fuego/Metallo),Pousada Dom Capudi,Booking,https://www.booking.com/hotel/br/pousada-dom-capudi.pt-br.html?checkin=2026-10-30&checkout=2026-11-02&group_adults=2&group_children=0&no_rooms=1,SIM,"R$ 1.354,00","R$ 451,33",SIM,"não informado","Rodada 3. Âncora: Quarto Duplo (plano mais barato entre 2 opções da mesma categoria).","R$ 361,07",COLETADO_COM_SUCESSO
2026-07-26,2026-10-30,2026-11-02,3,2,Pousada Arágua,base (Organic/Fuego/Metallo),Morada do Guaruça,Booking,https://www.booking.com/hotel/br/morada-do-guaruca.pt-br.html?checkin=2026-10-30&checkout=2026-11-02&group_adults=2&group_children=0&no_rooms=1,SIM,"R$ 1.835,00","R$ 611,67",SIM,"não informado","Rodada 3 (ampliada). Âncora: Apartamento de 1 Quarto.","R$ 489,33",COLETADO_COM_SUCESSO
2026-07-26,2026-10-30,2026-11-02,3,2,Pousada Arágua,base (Organic/Fuego/Metallo),UP Hotel Boutique,Booking,https://www.booking.com/hotel/br/up-boutique.pt-br.html?checkin=2026-10-30&checkout=2026-11-02&group_adults=2&group_children=0&no_rooms=1,SIM,"R$ 2.291,00 (7% off; original R$ 2.464,00)","R$ 763,67",SIM,"não informado","Rodada 3 (ampliada). Âncora: Quarto Duplo Deluxe com Banheira (plano mais barato entre 2 opções da mesma categoria).","R$ 610,93",COLETADO_COM_SUCESSO
2026-07-26,2026-10-30,2026-11-02,3,2,Pousada Arágua,base (Organic/Fuego/Metallo),Hotel/Pousada Atalaia do Mariscal,Booking,https://www.booking.com/hotel/br/pousada-atalaia-do-mariscal.pt-br.html?checkin=2026-10-30&checkout=2026-11-02&group_adults=2&group_children=0&no_rooms=1,SIM,"R$ 4.500,00","R$ 1.500,00",SIM,"não informado","Rodada 3 (teto de mercado). Âncora: Suíte Superior. Referência, não entra em nenhuma média.","R$ 1.200,00",COLETADO_COM_SUCESSO
2026-07-26,2026-11-19,2026-11-22,3,2,Pousada Arágua,base (Organic/Fuego/Metallo),Vila Boa Vida,Booking,https://www.booking.com/hotel/br/vila-boa-vida.pt-br.html?checkin=2026-11-19&checkout=2026-11-22&group_adults=2&group_children=0&no_rooms=1,SIM,"R$ 1.575,00","R$ 525,00",SIM,"não informado","Rodada 4 (feriado forte 19-21/11, Consciência Negra). Âncora: Quarto Duplo Standard.","R$ 420,00",COLETADO_COM_SUCESSO
2026-07-26,2026-11-19,2026-11-22,3,2,Pousada Arágua,base (Organic/Fuego/Metallo),Vila Maciel,Booking,https://www.booking.com/hotel/br/villa-maciel-bombinhas.pt-br.html?checkin=2026-11-19&checkout=2026-11-22&group_adults=2&group_children=0&no_rooms=1,SIM,"R$ 1.032,00 (com 20% de desconto ativo; original R$ 1.290,00)","R$ 344,00",SIM,"não informado","Rodada 4. Âncora: Apartamento Standard. Preço com desconto promocional ativo no momento da coleta.","R$ 275,20",COLETADO_COM_SUCESSO
2026-07-26,2026-11-19,2026-11-22,3,2,Pousada Arágua,base (Organic/Fuego/Metallo),Pousada Kaloa Eco Village,Booking,https://www.booking.com/hotel/br/pousada-kaloa-eco-village.pt-br.html?checkin=2026-11-19&checkout=2026-11-22&group_adults=2&group_children=0&no_rooms=1,SIM,"R$ 1.608,00","R$ 536,00",SIM,"não informado","Rodada 4. Âncora: Suíte Standard.","R$ 428,80",COLETADO_COM_SUCESSO
2026-07-26,2026-11-19,2026-11-22,3,2,Pousada Arágua,base (Organic/Fuego/Metallo),Pousada Riviera Bombinhas,Booking,https://www.booking.com/hotel/br/pousada-riviera-bombinhas.pt-br.html?checkin=2026-11-19&checkout=2026-11-22&group_adults=2&group_children=0&no_rooms=1,SIM,"R$ 2.269,00","R$ 756,33",SIM,"não informado","Rodada 4. Âncora: Suíte Loft Riviera.","R$ 605,07",COLETADO_COM_SUCESSO
2026-07-26,2026-11-19,2026-11-22,3,2,Pousada Arágua,base (Organic/Fuego/Metallo),Pousada Kia Ora Bombinhas,Booking,https://www.booking.com/hotel/br/kia-ora-bombinhas.pt-br.html?checkin=2026-11-19&checkout=2026-11-22&group_adults=2&group_children=0&no_rooms=1,SIM,"R$ 2.195,00","R$ 731,67",SIM,"não informado","Rodada 4. Âncora: Quarto Duplo Deluxe com Vista Lateral do Mar (plano mais barato entre 2 opções da mesma categoria).","R$ 585,33",COLETADO_COM_SUCESSO
2026-07-26,2026-11-19,2026-11-22,3,2,Pousada Arágua,base (Organic/Fuego/Metallo),Pousada dos Ingleses,Booking,https://www.booking.com/hotel/br/pousada-dos-ingleses.pt-br.html?checkin=2026-11-19&checkout=2026-11-22&group_adults=2&group_children=0&no_rooms=1,NAO,N/A,N/A,N/A,N/A,"Rodada 4. A âncora aprovada (Quarto Duplo Clássico) não aparece entre as categorias disponíveis para este período — provavelmente esgotada. Outras categorias mais caras seguem à venda (Chalé Master R$ 1.101 + R$ 120 taxas; Suíte R$ 1.373 + R$ 120 taxas; Quarto Duplo Básico R$ 1.428 + R$ 120 taxas, todas 3 diárias), mas não são a âncora aprovada — não usadas como coleta válida.",N/A,PRECISA_VALIDACAO_MANUAL
2026-07-26,2026-11-19,2026-11-22,3,2,Pousada Arágua,base (Organic/Fuego/Metallo),Pousada Dom Capudi,Booking,https://www.booking.com/hotel/br/pousada-dom-capudi.pt-br.html?checkin=2026-11-19&checkout=2026-11-22&group_adults=2&group_children=0&no_rooms=1,NAO,N/A,N/A,N/A,N/A,"Rodada 4. A âncora aprovada (Quarto Duplo) não aparece entre as categorias disponíveis para este período — provavelmente esgotada. Outras categorias mais caras seguem à venda (Suíte Premium R$ 1.539; Suíte com Vista do Jardim R$ 1.753; Quarto Triplo Standard R$ 1.710, todas 3 diárias), mas não são a âncora aprovada — não usadas como coleta válida.",N/A,PRECISA_VALIDACAO_MANUAL
2026-07-26,2026-11-19,2026-11-22,3,2,Pousada Arágua,base (Organic/Fuego/Metallo),Morada do Guaruça,Booking,https://www.booking.com/hotel/br/morada-do-guaruca.pt-br.html?checkin=2026-11-19&checkout=2026-11-22&group_adults=2&group_children=0&no_rooms=1,SIM,"R$ 2.122,00","R$ 707,33",SIM,"não informado","Rodada 4 (ampliada). Âncora: Apartamento de 1 Quarto.","R$ 565,87",COLETADO_COM_SUCESSO
2026-07-26,2026-11-19,2026-11-22,3,2,Pousada Arágua,base (Organic/Fuego/Metallo),UP Hotel Boutique,Booking,https://www.booking.com/hotel/br/up-boutique.pt-br.html?checkin=2026-11-19&checkout=2026-11-22&group_adults=2&group_children=0&no_rooms=1,SIM,"R$ 1.977,00 (7% off; original R$ 2.126,00)","R$ 659,00",SIM,"não informado","Rodada 4 (ampliada). Âncora: Quarto Duplo Deluxe com Banheira (plano mais barato entre 2 opções da mesma categoria).","R$ 527,20",COLETADO_COM_SUCESSO
2026-07-26,2026-11-19,2026-11-22,3,2,Pousada Arágua,base (Organic/Fuego/Metallo),Hotel/Pousada Atalaia do Mariscal,Booking,https://www.booking.com/hotel/br/pousada-atalaia-do-mariscal.pt-br.html?checkin=2026-11-19&checkout=2026-11-22&group_adults=2&group_children=0&no_rooms=1,SIM,"R$ 3.900,00","R$ 1.300,00",SIM,"não informado","Rodada 4 (teto de mercado). Âncora: Suíte Superior. Referência, não entra em nenhuma média. Booking exibia aviso: 'Oferta limitada em Bombinhas nas suas datas: 6 hotéis 4 estrelas como este já estão indisponíveis no nosso site' — forte sinal de demanda regional.","R$ 1.040,00",COLETADO_COM_SUCESSO
2026-07-27,2026-11-06,2026-11-08,2,2,Pousada Arágua,base (Organic/Fuego/Metallo),Vila Boa Vida,Booking,https://www.booking.com/hotel/br/vila-boa-vida.pt-br.html?checkin=2026-11-06&checkout=2026-11-08&group_adults=2&group_children=0&no_rooms=1,SIM,"R$ 1.050,00","R$ 525,00",SIM,"não informado","Rodada 5A (fim de semana comum de novembro). Âncora: Quarto Duplo Standard.","R$ 420,00",COLETADO_COM_SUCESSO
2026-07-27,2026-11-06,2026-11-08,2,2,Pousada Arágua,base (Organic/Fuego/Metallo),Vila Maciel,Booking,https://www.booking.com/hotel/br/villa-maciel-bombinhas.pt-br.html?checkin=2026-11-06&checkout=2026-11-08&group_adults=2&group_children=0&no_rooms=1,SIM,"R$ 608,00 (com 20% de desconto ativo; original R$ 760,00)","R$ 304,00",SIM,"não informado","Rodada 5A. Âncora: Apartamento Standard. Preço com desconto promocional ativo no momento da coleta.","R$ 243,20",COLETADO_COM_SUCESSO
2026-07-27,2026-11-06,2026-11-08,2,2,Pousada Arágua,base (Organic/Fuego/Metallo),Pousada Kaloa Eco Village,Booking,https://www.booking.com/hotel/br/pousada-kaloa-eco-village.pt-br.html?checkin=2026-11-06&checkout=2026-11-08&group_adults=2&group_children=0&no_rooms=1,SIM,"R$ 1.072,00","R$ 536,00",SIM,"não informado","Rodada 5A. Âncora: Suíte Standard.","R$ 428,80",COLETADO_COM_SUCESSO
2026-07-27,2026-11-06,2026-11-08,2,2,Pousada Arágua,base (Organic/Fuego/Metallo),Pousada Riviera Bombinhas,Booking,https://www.booking.com/hotel/br/pousada-riviera-bombinhas.pt-br.html?checkin=2026-11-06&checkout=2026-11-08&group_adults=2&group_children=0&no_rooms=1,NAO,N/A,N/A,N/A,N/A,"Rodada 5A. Booking exibe: 'Não temos disponibilidade aqui de sex., 6 de nov. de 2026 a dom., 8 de nov. de 2026.' Todas as categorias indisponíveis, incluindo a âncora (Suíte Loft Riviera).",N/A,PRECISA_VALIDACAO_MANUAL
2026-07-27,2026-11-06,2026-11-08,2,2,Pousada Arágua,base (Organic/Fuego/Metallo),Pousada dos Ingleses,Booking,https://www.booking.com/hotel/br/pousada-dos-ingleses.pt-br.html?checkin=2026-11-06&checkout=2026-11-08&group_adults=2&group_children=0&no_rooms=1,SIM,"R$ 839,00 (R$ 719,00 + R$ 120,00 de impostos/taxas exibidos à parte)","R$ 419,50",NAO (taxas separadas neste site — já somadas ao total acima),"não informado","Rodada 5A. Âncora: Quarto Duplo Clássico.","R$ 335,60",COLETADO_COM_SUCESSO
2026-07-27,2026-11-06,2026-11-08,2,2,Pousada Arágua,base (Organic/Fuego/Metallo),Pousada Dom Capudi,Booking,https://www.booking.com/hotel/br/pousada-dom-capudi.pt-br.html?checkin=2026-11-06&checkout=2026-11-08&group_adults=2&group_children=0&no_rooms=1,SIM,"R$ 903,00","R$ 451,50",SIM,"não informado","Rodada 5A. Âncora: Quarto Duplo (plano mais barato entre 2 opções da mesma categoria).","R$ 361,20",COLETADO_COM_SUCESSO
2026-07-27,2026-11-06,2026-11-08,2,2,Pousada Arágua,base (Organic/Fuego/Metallo),Pousada Kia Ora Bombinhas,Booking,https://www.booking.com/hotel/br/kia-ora-bombinhas.pt-br.html?checkin=2026-11-06&checkout=2026-11-08&group_adults=2&group_children=0&no_rooms=1,SIM,"R$ 1.024,00","R$ 512,00",SIM,"não informado","Rodada 5A. Âncora: Quarto Duplo Deluxe com Vista Lateral do Mar (plano mais barato entre 2 opções da mesma categoria).","R$ 409,60",COLETADO_COM_SUCESSO
2026-07-27,2026-11-06,2026-11-08,2,2,Pousada Arágua,base (Organic/Fuego/Metallo),Morada do Guaruça,Booking,https://www.booking.com/hotel/br/morada-do-guaruca.pt-br.html?checkin=2026-11-06&checkout=2026-11-08&group_adults=2&group_children=0&no_rooms=1,NAO,N/A,N/A,N/A,N/A,"Rodada 5A. Âncora aprovada (Apartamento de 1 Quarto) não aparecia entre as categorias disponíveis — provável esgotamento. Outras categorias mais caras seguiam à venda (Apartamento Standard, Apartamento Duplex), não usadas por não serem a âncora aprovada.",N/A,PRECISA_VALIDACAO_MANUAL
2026-07-27,2026-11-06,2026-11-08,2,2,Pousada Arágua,base (Organic/Fuego/Metallo),UP Hotel Boutique,Booking,https://www.booking.com/hotel/br/up-boutique.pt-br.html?checkin=2026-11-06&checkout=2026-11-08&group_adults=2&group_children=0&no_rooms=1,SIM,"R$ 1.252,00 (5% off; original R$ 1.318,00)","R$ 626,00",SIM,"não informado","Rodada 5A (ampliada). Âncora: Quarto Duplo Deluxe com Banheira (plano mais barato entre 2 opções da mesma categoria).","R$ 500,80",COLETADO_COM_SUCESSO
2026-07-27,2026-11-06,2026-11-08,2,2,Pousada Arágua,base (Organic/Fuego/Metallo),Hotel/Pousada Atalaia do Mariscal,Booking,https://www.booking.com/hotel/br/pousada-atalaia-do-mariscal.pt-br.html?checkin=2026-11-06&checkout=2026-11-08&group_adults=2&group_children=0&no_rooms=1,NAO,N/A,N/A,N/A,N/A,"Rodada 5A (teto de mercado). Booking exibe: 'Não temos disponibilidade aqui de sex., 6 de nov. de 2026 a dom., 8 de nov. de 2026.' Todas as categorias indisponíveis, incluindo a âncora (Suíte Superior).",N/A,PRECISA_VALIDACAO_MANUAL
2026-07-27,2026-11-09,2026-11-12,3,2,Pousada Arágua,base (Organic/Fuego/Metallo),Vila Boa Vida,Booking,https://www.booking.com/hotel/br/vila-boa-vida.pt-br.html?checkin=2026-11-09&checkout=2026-11-12&group_adults=2&group_children=0&no_rooms=1,SIM,"R$ 1.575,00","R$ 525,00",SIM,"não informado","Rodada 5B (meio de semana comum de novembro). Âncora: Quarto Duplo Standard.","R$ 420,00",COLETADO_COM_SUCESSO
2026-07-27,2026-11-09,2026-11-12,3,2,Pousada Arágua,base (Organic/Fuego/Metallo),Vila Maciel,Booking,https://www.booking.com/hotel/br/villa-maciel-bombinhas.pt-br.html?checkin=2026-11-09&checkout=2026-11-12&group_adults=2&group_children=0&no_rooms=1,SIM,"R$ 744,00 (com 20% de desconto ativo; original R$ 930,00)","R$ 248,00",SIM,"não informado","Rodada 5B. Âncora: Apartamento Standard. Preço com desconto promocional ativo no momento da coleta.","R$ 198,40",COLETADO_COM_SUCESSO
2026-07-27,2026-11-09,2026-11-12,3,2,Pousada Arágua,base (Organic/Fuego/Metallo),Pousada Kaloa Eco Village,Booking,https://www.booking.com/hotel/br/pousada-kaloa-eco-village.pt-br.html?checkin=2026-11-09&checkout=2026-11-12&group_adults=2&group_children=0&no_rooms=1,SIM,"R$ 1.608,00","R$ 536,00",SIM,"não informado","Rodada 5B. Âncora: Suíte Standard.","R$ 428,80",COLETADO_COM_SUCESSO
2026-07-27,2026-11-09,2026-11-12,3,2,Pousada Arágua,base (Organic/Fuego/Metallo),Pousada Riviera Bombinhas,Booking,https://www.booking.com/hotel/br/pousada-riviera-bombinhas.pt-br.html?checkin=2026-11-09&checkout=2026-11-12&group_adults=2&group_children=0&no_rooms=1,SIM,"R$ 1.458,00","R$ 486,00",SIM,"não informado","Rodada 5B. Âncora: Suíte Loft Riviera. Estava esgotada na Rodada 5A (fim de semana); disponível nesta rodada (meio de semana).","R$ 388,80",COLETADO_COM_SUCESSO
2026-07-27,2026-11-09,2026-11-12,3,2,Pousada Arágua,base (Organic/Fuego/Metallo),Pousada Kia Ora Bombinhas,Booking,https://www.booking.com/hotel/br/kia-ora-bombinhas.pt-br.html?checkin=2026-11-09&checkout=2026-11-12&group_adults=2&group_children=0&no_rooms=1,SIM,"R$ 1.536,00","R$ 512,00",SIM,"não informado","Rodada 5B. Âncora: Quarto Duplo Deluxe com Vista Lateral do Mar (plano mais barato entre 2 opções da mesma categoria).","R$ 409,60",COLETADO_COM_SUCESSO
2026-07-27,2026-11-09,2026-11-12,3,2,Pousada Arágua,base (Organic/Fuego/Metallo),Pousada dos Ingleses,Booking,https://www.booking.com/hotel/br/pousada-dos-ingleses.pt-br.html?checkin=2026-11-09&checkout=2026-11-12&group_adults=2&group_children=0&no_rooms=1,SIM,"R$ 1.068,00 (R$ 948,00 + R$ 120,00 de impostos/taxas exibidos à parte)","R$ 356,00",NAO (taxas separadas neste site — já somadas ao total acima),"não informado","Rodada 5B. Âncora: Quarto Duplo Clássico.","R$ 284,80",COLETADO_COM_SUCESSO
2026-07-27,2026-11-09,2026-11-12,3,2,Pousada Arágua,base (Organic/Fuego/Metallo),Pousada Dom Capudi,Booking,https://www.booking.com/hotel/br/pousada-dom-capudi.pt-br.html?checkin=2026-11-09&checkout=2026-11-12&group_adults=2&group_children=0&no_rooms=1,SIM,"R$ 1.354,00","R$ 451,33",SIM,"não informado","Rodada 5B. Âncora: Quarto Duplo (plano mais barato entre 2 opções da mesma categoria).","R$ 361,07",COLETADO_COM_SUCESSO
2026-07-27,2026-11-09,2026-11-12,3,2,Pousada Arágua,base (Organic/Fuego/Metallo),Morada do Guaruça,Booking,https://www.booking.com/hotel/br/morada-do-guaruca.pt-br.html?checkin=2026-11-09&checkout=2026-11-12&group_adults=2&group_children=0&no_rooms=1,SIM,"R$ 1.597,00","R$ 532,33",SIM,"não informado","Rodada 5B (ampliada). Âncora: Apartamento de 1 Quarto. Estava esgotada na Rodada 5A; disponível nesta rodada.","R$ 425,87",COLETADO_COM_SUCESSO
2026-07-27,2026-11-09,2026-11-12,3,2,Pousada Arágua,base (Organic/Fuego/Metallo),UP Hotel Boutique,Booking,https://www.booking.com/hotel/br/up-boutique.pt-br.html?checkin=2026-11-09&checkout=2026-11-12&group_adults=2&group_children=0&no_rooms=1,SIM,"R$ 1.507,00 (7% off; original R$ 1.620,00)","R$ 502,33",SIM,"não informado","Rodada 5B (ampliada). Âncora: Quarto Duplo Deluxe com Banheira (plano mais barato entre 2 opções da mesma categoria).","R$ 401,87",COLETADO_COM_SUCESSO
2026-07-27,2026-11-09,2026-11-12,3,2,Pousada Arágua,base (Organic/Fuego/Metallo),Hotel/Pousada Atalaia do Mariscal,Booking,https://www.booking.com/hotel/br/pousada-atalaia-do-mariscal.pt-br.html?checkin=2026-11-09&checkout=2026-11-12&group_adults=2&group_children=0&no_rooms=1,SIM,"R$ 3.600,00","R$ 1.200,00",SIM,"não informado","Rodada 5B (teto de mercado). Âncora: Suíte Superior. Referência, não entra em nenhuma média. Estava esgotado na Rodada 5A; disponível nesta rodada.","R$ 960,00",COLETADO_COM_SUCESSO
2026-07-28,2026-12-07,2026-12-11,4,2,Pousada Arágua,base (Organic/Fuego/Metallo),Vila Boa Vida,Booking,https://www.booking.com/hotel/br/vila-boa-vida.pt-br.html?checkin=2026-12-07&checkout=2026-12-11&group_adults=2&group_children=0&no_rooms=1,SIM,"R$ 2.640,00","R$ 660,00",SIM,"não informado","Rodada 6A (dias de semana, pré-alta dezembro). Âncora: Quarto Duplo Standard.","R$ 528,00",COLETADO_COM_SUCESSO
2026-07-28,2026-12-07,2026-12-11,4,2,Pousada Arágua,base (Organic/Fuego/Metallo),Vila Maciel,Booking,https://www.booking.com/hotel/br/villa-maciel-bombinhas.pt-br.html?checkin=2026-12-07&checkout=2026-12-11&group_adults=2&group_children=0&no_rooms=1,SIM,"R$ 924,00 (com 30% de desconto ativo; original R$ 1.320,00)","R$ 231,00",SIM,"não informado","Rodada 6A. Âncora: Apartamento Standard. Preço com desconto promocional ativo no momento da coleta.","R$ 184,80",COLETADO_COM_SUCESSO
2026-07-28,2026-12-07,2026-12-11,4,2,Pousada Arágua,base (Organic/Fuego/Metallo),Pousada Kaloa Eco Village,Booking,https://www.booking.com/hotel/br/pousada-kaloa-eco-village.pt-br.html?checkin=2026-12-07&checkout=2026-12-11&group_adults=2&group_children=0&no_rooms=1,SIM,"R$ 2.227,00","R$ 556,75",SIM,"não informado","Rodada 6A. Âncora: Suíte Standard.","R$ 445,40",COLETADO_COM_SUCESSO
2026-07-28,2026-12-07,2026-12-11,4,2,Pousada Arágua,base (Organic/Fuego/Metallo),Pousada Riviera Bombinhas,Booking,https://www.booking.com/hotel/br/pousada-riviera-bombinhas.pt-br.html?checkin=2026-12-07&checkout=2026-12-11&group_adults=2&group_children=0&no_rooms=1,SIM,"R$ 2.300,00","R$ 575,00",SIM,"não informado","Rodada 6A. Âncora: Suíte Loft Riviera.","R$ 460,00",COLETADO_COM_SUCESSO
2026-07-28,2026-12-07,2026-12-11,4,2,Pousada Arágua,base (Organic/Fuego/Metallo),Pousada Kia Ora Bombinhas,Booking,https://www.booking.com/hotel/br/kia-ora-bombinhas.pt-br.html?checkin=2026-12-07&checkout=2026-12-11&group_adults=2&group_children=0&no_rooms=1,SIM,"R$ 3.317,00","R$ 829,25",SIM,"não informado","Rodada 6A. Âncora: Quarto Duplo Deluxe com Vista Lateral do Mar (plano mais barato entre 2 opções da mesma categoria).","R$ 663,40",COLETADO_COM_SUCESSO
2026-07-28,2026-12-07,2026-12-11,4,2,Pousada Arágua,base (Organic/Fuego/Metallo),Pousada dos Ingleses,Booking,https://www.booking.com/hotel/br/pousada-dos-ingleses.pt-br.html?checkin=2026-12-07&checkout=2026-12-11&group_adults=2&group_children=0&no_rooms=1,SIM,"R$ 1.559,00 (R$ 1.439,00 + R$ 120,00 de impostos/taxas exibidos à parte)","R$ 389,75",NAO (taxas separadas neste site — já somadas ao total acima),"não informado","Rodada 6A. Âncora: Quarto Duplo Clássico.","R$ 311,80",COLETADO_COM_SUCESSO
2026-07-28,2026-12-07,2026-12-11,4,2,Pousada Arágua,base (Organic/Fuego/Metallo),Pousada Dom Capudi,Booking,https://www.booking.com/hotel/br/pousada-dom-capudi.pt-br.html?checkin=2026-12-07&checkout=2026-12-11&group_adults=2&group_children=0&no_rooms=1,SIM,"R$ 1.805,00","R$ 451,25",SIM,"não informado","Rodada 6A. Âncora: Quarto Duplo (plano mais barato entre 2 opções da mesma categoria).","R$ 361,00",COLETADO_COM_SUCESSO
2026-07-28,2026-12-07,2026-12-11,4,2,Pousada Arágua,base (Organic/Fuego/Metallo),Morada do Guaruça,Booking,https://www.booking.com/hotel/br/morada-do-guaruca.pt-br.html?checkin=2026-12-07&checkout=2026-12-11&group_adults=2&group_children=0&no_rooms=1,NAO,N/A,N/A,N/A,N/A,"Rodada 6A. Booking exibe: 'Não temos disponibilidade' para todas as categorias no período.",N/A,PRECISA_VALIDACAO_MANUAL
2026-07-28,2026-12-07,2026-12-11,4,2,Pousada Arágua,base (Organic/Fuego/Metallo),UP Hotel Boutique,Booking,https://www.booking.com/hotel/br/up-boutique.pt-br.html?checkin=2026-12-07&checkout=2026-12-11&group_adults=2&group_children=0&no_rooms=1,SIM,"R$ 2.762,00 (7% off; original R$ 2.970,00)","R$ 690,50",SIM,"não informado","Rodada 6A (ampliada). Âncora: Quarto Duplo Deluxe com Banheira (plano mais barato entre 2 opções da mesma categoria).","R$ 552,40",COLETADO_COM_SUCESSO
2026-07-28,2026-12-07,2026-12-11,4,2,Pousada Arágua,base (Organic/Fuego/Metallo),Hotel/Pousada Atalaia do Mariscal,Booking,https://www.booking.com/hotel/br/pousada-atalaia-do-mariscal.pt-br.html?checkin=2026-12-07&checkout=2026-12-11&group_adults=2&group_children=0&no_rooms=1,SIM,"R$ 6.800,00","R$ 1.700,00",SIM,"não informado","Rodada 6A (teto de mercado). Âncora: Suíte Superior. Referência, não entra em nenhuma média. Booking exibia aviso: 'Oferta limitada em Bombinhas nas suas datas: 6 hotéis 4 estrelas como este já estão indisponíveis no nosso site'.","R$ 1.360,00",COLETADO_COM_SUCESSO
2026-07-28,2026-12-11,2026-12-13,2,2,Pousada Arágua,base (Organic/Fuego/Metallo),Vila Boa Vida,Booking,https://www.booking.com/hotel/br/vila-boa-vida.pt-br.html?checkin=2026-12-11&checkout=2026-12-13&group_adults=2&group_children=0&no_rooms=1,SIM,"R$ 1.320,00","R$ 660,00",SIM,"não informado","Rodada 6B (final de semana, pré-alta dezembro). Âncora: Quarto Duplo Standard.","R$ 528,00",COLETADO_COM_SUCESSO
2026-07-28,2026-12-11,2026-12-13,2,2,Pousada Arágua,base (Organic/Fuego/Metallo),Vila Maciel,Booking,https://www.booking.com/hotel/br/villa-maciel-bombinhas.pt-br.html?checkin=2026-12-11&checkout=2026-12-13&group_adults=2&group_children=0&no_rooms=1,SIM,"R$ 704,00 (com 20% de desconto ativo; original R$ 880,00)","R$ 352,00",SIM,"não informado","Rodada 6B. Âncora: Apartamento Standard. Preço com desconto promocional ativo no momento da coleta.","R$ 281,60",COLETADO_COM_SUCESSO
2026-07-28,2026-12-11,2026-12-13,2,2,Pousada Arágua,base (Organic/Fuego/Metallo),Pousada Kaloa Eco Village,Booking,https://www.booking.com/hotel/br/pousada-kaloa-eco-village.pt-br.html?checkin=2026-12-11&checkout=2026-12-13&group_adults=2&group_children=0&no_rooms=1,SIM,"R$ 1.114,00","R$ 557,00",SIM,"não informado","Rodada 6B. Âncora: Suíte Standard.","R$ 445,60",COLETADO_COM_SUCESSO
2026-07-28,2026-12-11,2026-12-13,2,2,Pousada Arágua,base (Organic/Fuego/Metallo),Pousada Riviera Bombinhas,Booking,https://www.booking.com/hotel/br/pousada-riviera-bombinhas.pt-br.html?checkin=2026-12-11&checkout=2026-12-13&group_adults=2&group_children=0&no_rooms=1,NAO,N/A,N/A,N/A,N/A,"Rodada 6B. Booking exibe: 'Não temos disponibilidade aqui de sex., 11 de dez. de 2026 a dom., 13 de dez. de 2026.' Todas as categorias indisponíveis, incluindo a âncora (Suíte Loft Riviera).",N/A,PRECISA_VALIDACAO_MANUAL
2026-07-28,2026-12-11,2026-12-13,2,2,Pousada Arágua,base (Organic/Fuego/Metallo),Pousada Kia Ora Bombinhas,Booking,https://www.booking.com/hotel/br/kia-ora-bombinhas.pt-br.html?checkin=2026-12-11&checkout=2026-12-13&group_adults=2&group_children=0&no_rooms=1,NAO,N/A,N/A,N/A,N/A,"Rodada 6B. Booking exibe: 'Não temos disponibilidade aqui de sex., 11 de dez. de 2026 a dom., 13 de dez. de 2026.' Todas as categorias indisponíveis, incluindo a âncora (Quarto Duplo Deluxe com Vista Lateral do Mar).",N/A,PRECISA_VALIDACAO_MANUAL
2026-07-28,2026-12-11,2026-12-13,2,2,Pousada Arágua,base (Organic/Fuego/Metallo),Pousada dos Ingleses,Booking,https://www.booking.com/hotel/br/pousada-dos-ingleses.pt-br.html?checkin=2026-12-11&checkout=2026-12-13&group_adults=2&group_children=0&no_rooms=1,SIM,"R$ 927,00 (R$ 807,00 + R$ 120,00 de impostos/taxas exibidos à parte)","R$ 463,50",NAO (taxas separadas neste site — já somadas ao total acima),"não informado","Rodada 6B. Âncora: Quarto Duplo Clássico.","R$ 370,80",COLETADO_COM_SUCESSO
2026-07-28,2026-12-11,2026-12-13,2,2,Pousada Arágua,base (Organic/Fuego/Metallo),Pousada Dom Capudi,Booking,https://www.booking.com/hotel/br/pousada-dom-capudi.pt-br.html?checkin=2026-12-11&checkout=2026-12-13&group_adults=2&group_children=0&no_rooms=1,SIM,"R$ 903,00","R$ 451,50",SIM,"não informado","Rodada 6B. Âncora: Quarto Duplo (plano mais barato entre 2 opções da mesma categoria).","R$ 361,20",COLETADO_COM_SUCESSO
2026-07-28,2026-12-11,2026-12-13,2,2,Pousada Arágua,base (Organic/Fuego/Metallo),Morada do Guaruça,Booking,https://www.booking.com/hotel/br/morada-do-guaruca.pt-br.html?checkin=2026-12-11&checkout=2026-12-13&group_adults=2&group_children=0&no_rooms=1,NAO,N/A,N/A,N/A,N/A,"Rodada 6B. Booking exibe: 'Não temos disponibilidade' para todas as categorias no período.",N/A,PRECISA_VALIDACAO_MANUAL
2026-07-28,2026-12-11,2026-12-13,2,2,Pousada Arágua,base (Organic/Fuego/Metallo),UP Hotel Boutique,Booking,https://www.booking.com/hotel/br/up-boutique.pt-br.html?checkin=2026-12-11&checkout=2026-12-13&group_adults=2&group_children=0&no_rooms=1,NAO,N/A,N/A,N/A,N/A,"Rodada 6B. Booking exibe: 'Você precisa se hospedar por 3 diárias ou mais para reservar as datas selecionadas' — restrição de mínimo de noites, não esgotamento propriamente dito.",N/A,PRECISA_VALIDACAO_MANUAL
2026-07-28,2026-12-11,2026-12-13,2,2,Pousada Arágua,base (Organic/Fuego/Metallo),Hotel/Pousada Atalaia do Mariscal,Booking,https://www.booking.com/hotel/br/pousada-atalaia-do-mariscal.pt-br.html?checkin=2026-12-11&checkout=2026-12-13&group_adults=2&group_children=0&no_rooms=1,NAO,N/A,N/A,N/A,N/A,"Rodada 6B (teto de mercado). Booking exibe: 'Não temos disponibilidade' para todas as categorias. Aviso: 'Oferta limitada em Bombinhas nas suas datas: 7 hotéis 4 estrelas como este já estão indisponíveis no nosso site' — sinal de escassez regional mais forte que na Rodada 6A (6 hotéis) e na Rodada 4 (6 hotéis).",N/A,PRECISA_VALIDACAO_MANUAL
2026-07-29,2026-12-18,2026-12-24,6,2,Pousada Arágua,base (Organic/Fuego/Metallo),Vila Boa Vida,Booking,https://www.booking.com/hotel/br/vila-boa-vida.pt-br.html?checkin=2026-12-18&checkout=2026-12-24&group_adults=2&group_children=0&no_rooms=1,SIM,"R$ 3.960,00","R$ 660,00",SIM,"não informado","Rodada 7A (janela Natal 18-24/12, antes da virada principal). Âncora: Quarto Duplo Standard.","R$ 528,00",COLETADO_COM_SUCESSO
2026-07-29,2026-12-18,2026-12-24,6,2,Pousada Arágua,base (Organic/Fuego/Metallo),Vila Maciel,Booking,https://www.booking.com/hotel/br/villa-maciel-bombinhas.pt-br.html?checkin=2026-12-18&checkout=2026-12-24&group_adults=2&group_children=0&no_rooms=1,SIM,"R$ 2.508,00 (com 15% de desconto ativo; original R$ 2.950,00)","R$ 418,00",SIM,"não informado","Rodada 7A. Âncora: Apartamento Standard. Preço com desconto promocional ativo no momento da coleta.","R$ 334,40",COLETADO_COM_SUCESSO
2026-07-29,2026-12-18,2026-12-24,6,2,Pousada Arágua,base (Organic/Fuego/Metallo),Pousada Kaloa Eco Village,Booking,https://www.booking.com/hotel/br/pousada-kaloa-eco-village.pt-br.html?checkin=2026-12-18&checkout=2026-12-24&group_adults=2&group_children=0&no_rooms=1,SIM,"R$ 3.828,00","R$ 638,00",SIM,"não informado","Rodada 7A. Âncora: Suíte Standard.","R$ 510,40",COLETADO_COM_SUCESSO
2026-07-29,2026-12-18,2026-12-24,6,2,Pousada Arágua,base (Organic/Fuego/Metallo),Pousada Riviera Bombinhas,Booking,https://www.booking.com/hotel/br/pousada-riviera-bombinhas.pt-br.html?checkin=2026-12-18&checkout=2026-12-24&group_adults=2&group_children=0&no_rooms=1,SIM,"R$ 6.384,00","R$ 1.064,00",SIM,"não informado","Rodada 7A. Âncora: Suíte Loft Riviera.","R$ 851,20",COLETADO_COM_SUCESSO
2026-07-29,2026-12-18,2026-12-24,6,2,Pousada Arágua,base (Organic/Fuego/Metallo),Pousada Kia Ora Bombinhas,Booking,https://www.booking.com/hotel/br/kia-ora-bombinhas.pt-br.html?checkin=2026-12-18&checkout=2026-12-24&group_adults=2&group_children=0&no_rooms=1,NAO,N/A,N/A,N/A,N/A,"Rodada 7A. Booking exibe: 'Não temos disponibilidade' para todas as categorias no período.",N/A,PRECISA_VALIDACAO_MANUAL
2026-07-29,2026-12-18,2026-12-24,6,2,Pousada Arágua,base (Organic/Fuego/Metallo),Pousada dos Ingleses,Booking,https://www.booking.com/hotel/br/pousada-dos-ingleses.pt-br.html?checkin=2026-12-18&checkout=2026-12-24&group_adults=2&group_children=0&no_rooms=1,NAO,N/A,N/A,N/A,N/A,"Rodada 7A. Âncora aprovada (Quarto Duplo Clássico) não aparecia entre as categorias disponíveis — provável esgotamento. Só a categoria Suíte (R$ 3.543 + R$ 120 taxas) seguia à venda, não usada por não ser a âncora aprovada.",N/A,PRECISA_VALIDACAO_MANUAL
2026-07-29,2026-12-18,2026-12-24,6,2,Pousada Arágua,base (Organic/Fuego/Metallo),Pousada Dom Capudi,Booking,https://www.booking.com/hotel/br/pousada-dom-capudi.pt-br.html?checkin=2026-12-18&checkout=2026-12-24&group_adults=2&group_children=0&no_rooms=1,NAO,N/A,N/A,N/A,N/A,"Rodada 7A. Âncora aprovada (Quarto Duplo) não aparecia entre as categorias disponíveis — provável esgotamento. Categorias mais caras seguiam à venda (Suíte Premium e acima), não usadas por não serem a âncora aprovada.",N/A,PRECISA_VALIDACAO_MANUAL
2026-07-29,2026-12-18,2026-12-24,6,2,Pousada Arágua,base (Organic/Fuego/Metallo),Morada do Guaruça,Booking,https://www.booking.com/hotel/br/morada-do-guaruca.pt-br.html?checkin=2026-12-18&checkout=2026-12-24&group_adults=2&group_children=0&no_rooms=1,NAO,N/A,N/A,N/A,N/A,"Rodada 7A. Booking exibe: 'Não temos disponibilidade' para todas as categorias no período.",N/A,PRECISA_VALIDACAO_MANUAL
2026-07-29,2026-12-18,2026-12-24,6,2,Pousada Arágua,base (Organic/Fuego/Metallo),UP Hotel Boutique,Booking,https://www.booking.com/hotel/br/up-boutique.pt-br.html?checkin=2026-12-18&checkout=2026-12-24&group_adults=2&group_children=0&no_rooms=1,SIM,"R$ 5.700,00 (10% off; original R$ 6.334,00)","R$ 950,00",SIM,"não informado","Rodada 7A (ampliada). Âncora: Quarto Duplo Deluxe com Banheira (plano mais barato entre 2 opções da mesma categoria).","R$ 760,00",COLETADO_COM_SUCESSO
2026-07-29,2026-12-18,2026-12-24,6,2,Pousada Arágua,base (Organic/Fuego/Metallo),Hotel/Pousada Atalaia do Mariscal,Booking,https://www.booking.com/hotel/br/pousada-atalaia-do-mariscal.pt-br.html?checkin=2026-12-18&checkout=2026-12-24&group_adults=2&group_children=0&no_rooms=1,SIM,"R$ 13.800,00","R$ 2.300,00",SIM,"não informado","Rodada 7A (teto de mercado). Âncora: Suíte Superior. Referência, não entra em nenhuma média. Booking exibia aviso: 'Oferta limitada em Bombinhas nas suas datas: 6 hotéis 4 estrelas como este já estão indisponíveis no nosso site'.","R$ 1.840,00",COLETADO_COM_SUCESSO
2026-07-29,2026-12-20,2026-12-25,5,2,Pousada Arágua,base (Organic/Fuego/Metallo),Vila Boa Vida,Booking,https://www.booking.com/hotel/br/vila-boa-vida.pt-br.html?checkin=2026-12-20&checkout=2026-12-25&group_adults=2&group_children=0&no_rooms=1,SIM,"R$ 3.300,00","R$ 660,00",SIM,"não informado","Rodada 7B (pacote principal de Natal, mín. 5 diárias). Âncora: Quarto Duplo Standard.","R$ 528,00",COLETADO_COM_SUCESSO
2026-07-29,2026-12-20,2026-12-25,5,2,Pousada Arágua,base (Organic/Fuego/Metallo),Vila Maciel,Booking,https://www.booking.com/hotel/br/villa-maciel-bombinhas.pt-br.html?checkin=2026-12-20&checkout=2026-12-25&group_adults=2&group_children=0&no_rooms=1,SIM,"R$ 2.253,00 (com 15% de desconto ativo; original R$ 2.650,00)","R$ 450,60",SIM,"não informado","Rodada 7B. Âncora: Apartamento Standard. Preço com desconto promocional ativo no momento da coleta.","R$ 360,48",COLETADO_COM_SUCESSO
2026-07-29,2026-12-20,2026-12-25,5,2,Pousada Arágua,base (Organic/Fuego/Metallo),Pousada Kaloa Eco Village,Booking,https://www.booking.com/hotel/br/pousada-kaloa-eco-village.pt-br.html?checkin=2026-12-20&checkout=2026-12-25&group_adults=2&group_children=0&no_rooms=1,SIM,"R$ 3.190,00","R$ 638,00",SIM,"não informado","Rodada 7B. Âncora: Suíte Standard.","R$ 510,40",COLETADO_COM_SUCESSO
2026-07-29,2026-12-20,2026-12-25,5,2,Pousada Arágua,base (Organic/Fuego/Metallo),Pousada Riviera Bombinhas,Booking,https://www.booking.com/hotel/br/pousada-riviera-bombinhas.pt-br.html?checkin=2026-12-20&checkout=2026-12-25&group_adults=2&group_children=0&no_rooms=1,NAO,N/A,N/A,N/A,N/A,"Rodada 7B. Booking exibe: 'Não temos disponibilidade' para todas as categorias no período.",N/A,PRECISA_VALIDACAO_MANUAL
2026-07-29,2026-12-20,2026-12-25,5,2,Pousada Arágua,base (Organic/Fuego/Metallo),Pousada Kia Ora Bombinhas,Booking,https://www.booking.com/hotel/br/kia-ora-bombinhas.pt-br.html?checkin=2026-12-20&checkout=2026-12-25&group_adults=2&group_children=0&no_rooms=1,NAO,N/A,N/A,N/A,N/A,"Rodada 7B. Booking exibe: 'Não temos disponibilidade' para todas as categorias no período.",N/A,PRECISA_VALIDACAO_MANUAL
2026-07-29,2026-12-20,2026-12-25,5,2,Pousada Arágua,base (Organic/Fuego/Metallo),Pousada dos Ingleses,Booking,https://www.booking.com/hotel/br/pousada-dos-ingleses.pt-br.html?checkin=2026-12-20&checkout=2026-12-25&group_adults=2&group_children=0&no_rooms=1,NAO,N/A,N/A,N/A,N/A,"Rodada 7B. Âncora aprovada (Quarto Duplo Clássico) não aparecia entre as categorias disponíveis — provável esgotamento. Só a categoria Suíte seguia à venda, não usada por não ser a âncora aprovada.",N/A,PRECISA_VALIDACAO_MANUAL
2026-07-29,2026-12-20,2026-12-25,5,2,Pousada Arágua,base (Organic/Fuego/Metallo),Pousada Dom Capudi,Booking,https://www.booking.com/hotel/br/pousada-dom-capudi.pt-br.html?checkin=2026-12-20&checkout=2026-12-25&group_adults=2&group_children=0&no_rooms=1,NAO,N/A,N/A,N/A,N/A,"Rodada 7B. Âncora aprovada (Quarto Duplo) não aparecia entre as categorias disponíveis — provável esgotamento. Categorias mais caras seguiam à venda, não usadas por não serem a âncora aprovada.",N/A,PRECISA_VALIDACAO_MANUAL
2026-07-29,2026-12-20,2026-12-25,5,2,Pousada Arágua,base (Organic/Fuego/Metallo),Morada do Guaruça,Booking,https://www.booking.com/hotel/br/morada-do-guaruca.pt-br.html?checkin=2026-12-20&checkout=2026-12-25&group_adults=2&group_children=0&no_rooms=1,NAO,N/A,N/A,N/A,N/A,"Rodada 7B. Booking exibe: 'Não temos disponibilidade' para todas as categorias no período.",N/A,PRECISA_VALIDACAO_MANUAL
2026-07-29,2026-12-20,2026-12-25,5,2,Pousada Arágua,base (Organic/Fuego/Metallo),UP Hotel Boutique,Booking,https://www.booking.com/hotel/br/up-boutique.pt-br.html?checkin=2026-12-20&checkout=2026-12-25&group_adults=2&group_children=0&no_rooms=1,SIM,"R$ 5.322,00 (5% off; original R$ 5.602,00)","R$ 1.064,40",SIM,"não informado","Rodada 7B (ampliada). Âncora: Quarto Duplo Deluxe com Banheira (plano mais barato entre 2 opções da mesma categoria).","R$ 851,52",COLETADO_COM_SUCESSO
2026-07-29,2026-12-20,2026-12-25,5,2,Pousada Arágua,base (Organic/Fuego/Metallo),Hotel/Pousada Atalaia do Mariscal,Booking,https://www.booking.com/hotel/br/pousada-atalaia-do-mariscal.pt-br.html?checkin=2026-12-20&checkout=2026-12-25&group_adults=2&group_children=0&no_rooms=1,SIM,"R$ 11.500,00","R$ 2.300,00",SIM,"não informado","Rodada 7B (teto de mercado). Âncora: Suíte Superior. Referência, não entra em nenhuma média.","R$ 1.840,00",COLETADO_COM_SUCESSO
2026-07-29,2026-12-27,2027-01-03,7,2,Pousada Arágua,base (Organic/Fuego/Metallo),Vila Boa Vida,Booking,https://www.booking.com/hotel/br/vila-boa-vida.pt-br.html?checkin=2026-12-27&checkout=2027-01-03&group_adults=2&group_children=0&no_rooms=1,SIM,"R$ 7.245,00","R$ 1.035,00",SIM,"não informado","Rodada 8A (pacote principal de Réveillon, mín. 7 diárias). Âncora: Quarto Duplo Standard.","R$ 828,00",COLETADO_COM_SUCESSO
2026-07-29,2026-12-27,2027-01-03,7,2,Pousada Arágua,base (Organic/Fuego/Metallo),Vila Maciel,Booking,https://www.booking.com/hotel/br/villa-maciel-bombinhas.pt-br.html?checkin=2026-12-27&checkout=2027-01-03&group_adults=2&group_children=0&no_rooms=1,SIM,"R$ 6.280,00 (com 20% de desconto ativo; original R$ 7.850,00)","R$ 897,14",SIM,"não informado","Rodada 8A. Âncora: Apartamento Standard. Preço com desconto promocional ativo no momento da coleta.","R$ 717,71",COLETADO_COM_SUCESSO
2026-07-29,2026-12-27,2027-01-03,7,2,Pousada Arágua,base (Organic/Fuego/Metallo),Pousada Kaloa Eco Village,Booking,https://www.booking.com/hotel/br/pousada-kaloa-eco-village.pt-br.html?checkin=2026-12-27&checkout=2027-01-03&group_adults=2&group_children=0&no_rooms=1,SIM,"R$ 7.656,00","R$ 1.093,71",SIM,"não informado","Rodada 8A. Âncora: Suíte Standard.","R$ 874,97",COLETADO_COM_SUCESSO
2026-07-29,2026-12-27,2027-01-03,7,2,Pousada Arágua,base (Organic/Fuego/Metallo),Pousada Riviera Bombinhas,Booking,https://www.booking.com/hotel/br/pousada-riviera-bombinhas.pt-br.html?checkin=2026-12-27&checkout=2027-01-03&group_adults=2&group_children=0&no_rooms=1,SIM,"R$ 11.322,00","R$ 1.617,43",SIM,"não informado","Rodada 8A. Âncora: Suíte Loft Riviera.","R$ 1.293,94",COLETADO_COM_SUCESSO
2026-07-29,2026-12-27,2027-01-03,7,2,Pousada Arágua,base (Organic/Fuego/Metallo),Pousada Kia Ora Bombinhas,Booking,https://www.booking.com/hotel/br/kia-ora-bombinhas.pt-br.html?checkin=2026-12-27&checkout=2027-01-03&group_adults=2&group_children=0&no_rooms=1,SIM,"R$ 9.635,00","R$ 1.376,43",SIM,"não informado","Rodada 8A. Âncora: Quarto Duplo Deluxe com Vista Lateral do Mar (plano mais barato entre 2 opções da mesma categoria). Disponível — estava esgotada na 7A/7B.","R$ 1.101,14",COLETADO_COM_SUCESSO
2026-07-29,2026-12-27,2027-01-03,7,2,Pousada Arágua,base (Organic/Fuego/Metallo),Pousada dos Ingleses,Booking,https://www.booking.com/hotel/br/pousada-dos-ingleses.pt-br.html?checkin=2026-12-27&checkout=2027-01-03&group_adults=2&group_children=0&no_rooms=1,NAO,N/A,N/A,N/A,N/A,"Rodada 8A. Âncora aprovada (Quarto Duplo Clássico) não aparecia entre as categorias disponíveis — provável esgotamento. Só a categoria Suíte seguia à venda, não usada por não ser a âncora aprovada.",N/A,PRECISA_VALIDACAO_MANUAL
2026-07-29,2026-12-27,2027-01-03,7,2,Pousada Arágua,base (Organic/Fuego/Metallo),Pousada Dom Capudi,Booking,https://www.booking.com/hotel/br/pousada-dom-capudi.pt-br.html?checkin=2026-12-27&checkout=2027-01-03&group_adults=2&group_children=0&no_rooms=1,SIM,"R$ 6.983,00","R$ 997,57",SIM,"não informado","Rodada 8A. Âncora: Quarto Duplo. Disponível — estava esgotada na 7A/7B.","R$ 798,06",COLETADO_COM_SUCESSO
2026-07-29,2026-12-27,2027-01-03,7,2,Pousada Arágua,base (Organic/Fuego/Metallo),Morada do Guaruça,Booking,https://www.booking.com/hotel/br/morada-do-guaruca.pt-br.html?checkin=2026-12-27&checkout=2027-01-03&group_adults=2&group_children=0&no_rooms=1,NAO,N/A,N/A,N/A,N/A,"Rodada 8A. Booking exibe: 'Não temos disponibilidade' para todas as categorias no período — indisponível em todas as 4 rodadas de Natal/Réveillon.",N/A,PRECISA_VALIDACAO_MANUAL
2026-07-29,2026-12-27,2027-01-03,7,2,Pousada Arágua,base (Organic/Fuego/Metallo),UP Hotel Boutique,Booking,https://www.booking.com/hotel/br/up-boutique.pt-br.html?checkin=2026-12-27&checkout=2027-01-03&group_adults=2&group_children=0&no_rooms=1,SIM,"R$ 13.031,00 (10% off; original R$ 14.479,00)","R$ 1.861,57",SIM,"não informado","Rodada 8A (ampliada). Âncora: Quarto Duplo Deluxe com Banheira (plano mais barato entre 2 opções da mesma categoria).","R$ 1.489,26",COLETADO_COM_SUCESSO
2026-07-29,2026-12-27,2027-01-03,7,2,Pousada Arágua,base (Organic/Fuego/Metallo),Hotel/Pousada Atalaia do Mariscal,Booking,https://www.booking.com/hotel/br/pousada-atalaia-do-mariscal.pt-br.html?checkin=2026-12-27&checkout=2027-01-03&group_adults=2&group_children=0&no_rooms=1,SIM,"R$ 23.800,00","R$ 3.400,00",SIM,"não informado","Rodada 8A (teto de mercado). Âncora: Suíte Superior. Referência, não entra em nenhuma média. Booking exibia aviso: 'Oferta limitada em Bombinhas nas suas datas: 6 hotéis 4 estrelas como este já estão indisponíveis no nosso site'.","R$ 2.720,00",COLETADO_COM_SUCESSO
2026-07-29,2026-12-25,2027-01-03,9,2,Pousada Arágua,base (Organic/Fuego/Metallo),Vila Boa Vida,Booking,https://www.booking.com/hotel/br/vila-boa-vida.pt-br.html?checkin=2026-12-25&checkout=2027-01-03&group_adults=2&group_children=0&no_rooms=1,SIM,"R$ 8.940,00","R$ 993,33",SIM,"não informado","Rodada 8B (janela completa 25/12 a 03/01). Âncora: Quarto Duplo Standard.","R$ 794,67",COLETADO_COM_SUCESSO
2026-07-29,2026-12-25,2027-01-03,9,2,Pousada Arágua,base (Organic/Fuego/Metallo),Vila Maciel,Booking,https://www.booking.com/hotel/br/villa-maciel-bombinhas.pt-br.html?checkin=2026-12-25&checkout=2027-01-03&group_adults=2&group_children=0&no_rooms=1,SIM,"R$ 7.272,00 (com 20% de desconto ativo; original R$ 9.090,00)","R$ 808,00",SIM,"não informado","Rodada 8B. Âncora: Apartamento Standard. Preço com desconto promocional ativo no momento da coleta.","R$ 646,40",COLETADO_COM_SUCESSO
2026-07-29,2026-12-25,2027-01-03,9,2,Pousada Arágua,base (Organic/Fuego/Metallo),Pousada Kaloa Eco Village,Booking,https://www.booking.com/hotel/br/pousada-kaloa-eco-village.pt-br.html?checkin=2026-12-25&checkout=2027-01-03&group_adults=2&group_children=0&no_rooms=1,SIM,"R$ 9.388,00","R$ 1.043,11",SIM,"não informado","Rodada 8B. Âncora: Suíte Standard.","R$ 834,49",COLETADO_COM_SUCESSO
2026-07-29,2026-12-25,2027-01-03,9,2,Pousada Arágua,base (Organic/Fuego/Metallo),Pousada Riviera Bombinhas,Booking,https://www.booking.com/hotel/br/pousada-riviera-bombinhas.pt-br.html?checkin=2026-12-25&checkout=2027-01-03&group_adults=2&group_children=0&no_rooms=1,NAO,N/A,N/A,N/A,N/A,"Rodada 8B. Booking exibe: 'Não temos disponibilidade' para todas as categorias no período.",N/A,PRECISA_VALIDACAO_MANUAL
2026-07-29,2026-12-25,2027-01-03,9,2,Pousada Arágua,base (Organic/Fuego/Metallo),Pousada Kia Ora Bombinhas,Booking,https://www.booking.com/hotel/br/kia-ora-bombinhas.pt-br.html?checkin=2026-12-25&checkout=2027-01-03&group_adults=2&group_children=0&no_rooms=1,NAO,N/A,N/A,N/A,N/A,"Rodada 8B. Booking exibe: 'Não temos disponibilidade' para todas as categorias no período.",N/A,PRECISA_VALIDACAO_MANUAL
2026-07-29,2026-12-25,2027-01-03,9,2,Pousada Arágua,base (Organic/Fuego/Metallo),Pousada dos Ingleses,Booking,https://www.booking.com/hotel/br/pousada-dos-ingleses.pt-br.html?checkin=2026-12-25&checkout=2027-01-03&group_adults=2&group_children=0&no_rooms=1,NAO,N/A,N/A,N/A,N/A,"Rodada 8B. Âncora aprovada (Quarto Duplo Clássico) não aparecia entre as categorias disponíveis — provável esgotamento. Só a categoria Suíte seguia à venda, não usada por não ser a âncora aprovada.",N/A,PRECISA_VALIDACAO_MANUAL
2026-07-29,2026-12-25,2027-01-03,9,2,Pousada Arágua,base (Organic/Fuego/Metallo),Pousada Dom Capudi,Booking,https://www.booking.com/hotel/br/pousada-dom-capudi.pt-br.html?checkin=2026-12-25&checkout=2027-01-03&group_adults=2&group_children=0&no_rooms=1,NAO,N/A,N/A,N/A,N/A,"Rodada 8B. Âncora aprovada (Quarto Duplo) não aparecia entre as categorias disponíveis — provável esgotamento (mesmo tendo aparecido disponível na janela mais curta da Rodada 8A). Categorias mais caras seguiam à venda, não usadas por não serem a âncora aprovada.",N/A,PRECISA_VALIDACAO_MANUAL
2026-07-29,2026-12-25,2027-01-03,9,2,Pousada Arágua,base (Organic/Fuego/Metallo),Morada do Guaruça,Booking,https://www.booking.com/hotel/br/morada-do-guaruca.pt-br.html?checkin=2026-12-25&checkout=2027-01-03&group_adults=2&group_children=0&no_rooms=1,NAO,N/A,N/A,N/A,N/A,"Rodada 8B. Booking exibe: 'Não temos disponibilidade' para todas as categorias no período — indisponível em todas as 4 rodadas de Natal/Réveillon.",N/A,PRECISA_VALIDACAO_MANUAL
2026-07-29,2026-12-25,2027-01-03,9,2,Pousada Arágua,base (Organic/Fuego/Metallo),UP Hotel Boutique,Booking,https://www.booking.com/hotel/br/up-boutique.pt-br.html?checkin=2026-12-25&checkout=2027-01-03&group_adults=2&group_children=0&no_rooms=1,SIM,"R$ 14.023,00 (10% off; original R$ 15.581,00)","R$ 1.558,11",SIM,"não informado","Rodada 8B (ampliada). Âncora: Quarto Duplo Deluxe com Banheira (plano mais barato entre 2 opções da mesma categoria).","R$ 1.246,49",COLETADO_COM_SUCESSO
2026-07-29,2026-12-25,2027-01-03,9,2,Pousada Arágua,base (Organic/Fuego/Metallo),Hotel/Pousada Atalaia do Mariscal,Booking,https://www.booking.com/hotel/br/pousada-atalaia-do-mariscal.pt-br.html?checkin=2026-12-25&checkout=2027-01-03&group_adults=2&group_children=0&no_rooms=1,SIM,"R$ 30.600,00","R$ 3.400,00",SIM,"não informado","Rodada 8B (teto de mercado). Âncora: Suíte Superior. Referência, não entra em nenhuma média. Booking exibia aviso: 'Oferta limitada em Bombinhas nas suas datas: 6 hotéis 4 estrelas como este já estão indisponíveis no nosso site'.","R$ 2.720,00",COLETADO_COM_SUCESSO
2026-07-26,2027-01-03,2027-01-10,7,2,Pousada Arágua,base (Organic/Fuego/Metallo),Vila Boa Vida,Booking,https://www.booking.com/hotel/br/vila-boa-vida.pt-br.html?checkin=2027-01-03&checkout=2027-01-10&group_adults=2&group_children=0&no_rooms=1,SIM,"R$ 6.810,00","R$ 973,00",SIM,"não informado","Rodada 9A (Janeiro alta/início). Âncora: Quarto Duplo Standard.","R$ 778,40",COLETADO_COM_SUCESSO
2026-07-26,2027-01-03,2027-01-10,7,2,Pousada Arágua,base (Organic/Fuego/Metallo),Vila Maciel,Booking,https://www.booking.com/hotel/br/villa-maciel-bombinhas.pt-br.html?checkin=2027-01-03&checkout=2027-01-10&group_adults=2&group_children=0&no_rooms=1,SIM,"R$ 4.734,00 (10% off; original R$ 5.260,00)","R$ 676,29",SIM,"não informado","Rodada 9A. Âncora: Apartamento Standard. Desconto promocional ativo.","R$ 541,03",COLETADO_COM_SUCESSO
2026-07-26,2027-01-03,2027-01-10,7,2,Pousada Arágua,base (Organic/Fuego/Metallo),Pousada Kaloa Eco Village,Booking,https://www.booking.com/hotel/br/pousada-kaloa-eco-village.pt-br.html?checkin=2027-01-03&checkout=2027-01-10&group_adults=2&group_children=0&no_rooms=1,SIM,"R$ 6.087,00","R$ 869,57",SIM,"não informado","Rodada 9A. Âncora: Suíte Standard.","R$ 695,66",COLETADO_COM_SUCESSO
2026-07-26,2027-01-03,2027-01-10,7,2,Pousada Arágua,base (Organic/Fuego/Metallo),Pousada Riviera Bombinhas,Booking,https://www.booking.com/hotel/br/pousada-riviera-bombinhas.pt-br.html?checkin=2027-01-03&checkout=2027-01-10&group_adults=2&group_children=0&no_rooms=1,SIM,"R$ 9.908,00","R$ 1.415,43",SIM,"não informado","Rodada 9A. Âncora: Suíte Loft Riviera.","R$ 1.132,34",COLETADO_COM_SUCESSO
2026-07-26,2027-01-03,2027-01-10,7,2,Pousada Arágua,base (Organic/Fuego/Metallo),Pousada Kia Ora Bombinhas,Booking,https://www.booking.com/hotel/br/kia-ora-bombinhas.pt-br.html?checkin=2027-01-03&checkout=2027-01-10&group_adults=2&group_children=0&no_rooms=1,SIM,"R$ 8.412,00","R$ 1.201,71",SIM,"não informado","Rodada 9A. Âncora: Quarto Duplo Deluxe com Vista Lateral do Mar (plano mais barato entre 2 opções da mesma categoria).","R$ 961,37",COLETADO_COM_SUCESSO
2026-07-26,2027-01-03,2027-01-10,7,2,Pousada Arágua,base (Organic/Fuego/Metallo),Pousada dos Ingleses,Booking,https://www.booking.com/hotel/br/pousada-dos-ingleses.pt-br.html?checkin=2027-01-03&checkout=2027-01-10&group_adults=2&group_children=0&no_rooms=1,SIM,"R$ 6.464,00 + R$ 120,00 taxas","R$ 940,57",NAO,"não informado","Rodada 9A. Âncora: Quarto Duplo Clássico. Taxa separada, já somada.","R$ 752,46",COLETADO_COM_SUCESSO
2026-07-26,2027-01-03,2027-01-10,7,2,Pousada Arágua,base (Organic/Fuego/Metallo),Pousada Dom Capudi,Booking,https://www.booking.com/hotel/br/pousada-dom-capudi.pt-br.html?checkin=2027-01-03&checkout=2027-01-10&group_adults=2&group_children=0&no_rooms=1,NAO,N/A,N/A,N/A,N/A,"Rodada 9A. Âncora aprovada (Quarto Duplo) não aparecia entre as categorias disponíveis — provável esgotamento. Categorias mais caras seguiam à venda, não usadas.",N/A,PRECISA_VALIDACAO_MANUAL
2026-07-26,2027-01-03,2027-01-10,7,2,Pousada Arágua,base (Organic/Fuego/Metallo),Morada do Guaruça,Booking,https://www.booking.com/hotel/br/morada-do-guaruca.pt-br.html?checkin=2027-01-03&checkout=2027-01-10&group_adults=2&group_children=0&no_rooms=1,NAO,N/A,N/A,N/A,N/A,"Rodada 9A. Booking exibe: 'Não temos disponibilidade' para todas as categorias no período.",N/A,PRECISA_VALIDACAO_MANUAL
2026-07-26,2027-01-03,2027-01-10,7,2,Pousada Arágua,base (Organic/Fuego/Metallo),UP Hotel Boutique,Booking,https://www.booking.com/hotel/br/up-boutique.pt-br.html?checkin=2027-01-03&checkout=2027-01-10&group_adults=2&group_children=0&no_rooms=1,SIM,"R$ 9.462,00","R$ 1.351,71",SIM,"não informado","Rodada 9A (ampliada). Âncora: Quarto Duplo Deluxe com Banheira (plano de 2 adultos mais barato).","R$ 1.081,37",COLETADO_COM_SUCESSO
2026-07-26,2027-01-03,2027-01-10,7,2,Pousada Arágua,base (Organic/Fuego/Metallo),Hotel/Pousada Atalaia do Mariscal,Booking,https://www.booking.com/hotel/br/pousada-atalaia-do-mariscal.pt-br.html?checkin=2027-01-03&checkout=2027-01-10&group_adults=2&group_children=0&no_rooms=1,SIM,"R$ 23.800,00","R$ 3.400,00",SIM,"não informado","Rodada 9A (teto de mercado). Âncora: Suíte Superior. Referência, não entra em nenhuma média. Booking exibia aviso: 'Oferta limitada em Bombinhas nas suas datas: 6 hotéis 4 estrelas como este já estão indisponíveis no nosso site'.","R$ 2.720,00",COLETADO_COM_SUCESSO
2026-07-26,2027-01-10,2027-01-17,7,2,Pousada Arágua,base (Organic/Fuego/Metallo),Vila Boa Vida,Booking,https://www.booking.com/hotel/br/vila-boa-vida.pt-br.html?checkin=2027-01-10&checkout=2027-01-17&group_adults=2&group_children=0&no_rooms=1,SIM,"R$ 6.230,00","R$ 890,00",SIM,"não informado","Rodada 9B (primeira quinzena). Âncora: Quarto Duplo Standard.","R$ 712,00",COLETADO_COM_SUCESSO
2026-07-26,2027-01-10,2027-01-17,7,2,Pousada Arágua,base (Organic/Fuego/Metallo),Vila Maciel,Booking,https://www.booking.com/hotel/br/villa-maciel-bombinhas.pt-br.html?checkin=2027-01-10&checkout=2027-01-17&group_adults=2&group_children=0&no_rooms=1,SIM,"R$ 4.092,00 (26% off; original R$ 5.530,00)","R$ 584,57",SIM,"não informado","Rodada 9B. Âncora: Apartamento Standard. Desconto promocional ativo.","R$ 467,66",COLETADO_COM_SUCESSO
2026-07-26,2027-01-10,2027-01-17,7,2,Pousada Arágua,base (Organic/Fuego/Metallo),Pousada Kaloa Eco Village,Booking,https://www.booking.com/hotel/br/pousada-kaloa-eco-village.pt-br.html?checkin=2027-01-10&checkout=2027-01-17&group_adults=2&group_children=0&no_rooms=1,SIM,"R$ 5.460,00","R$ 780,00",SIM,"não informado","Rodada 9B. Âncora: Suíte Standard.","R$ 624,00",COLETADO_COM_SUCESSO
2026-07-26,2027-01-10,2027-01-17,7,2,Pousada Arágua,base (Organic/Fuego/Metallo),Pousada Riviera Bombinhas,Booking,https://www.booking.com/hotel/br/pousada-riviera-bombinhas.pt-br.html?checkin=2027-01-10&checkout=2027-01-17&group_adults=2&group_children=0&no_rooms=1,SIM,"R$ 9.084,00","R$ 1.297,71",SIM,"não informado","Rodada 9B. Âncora: Suíte Loft Riviera.","R$ 1.038,17",COLETADO_COM_SUCESSO
2026-07-26,2027-01-10,2027-01-17,7,2,Pousada Arágua,base (Organic/Fuego/Metallo),Pousada Kia Ora Bombinhas,Booking,https://www.booking.com/hotel/br/kia-ora-bombinhas.pt-br.html?checkin=2027-01-10&checkout=2027-01-17&group_adults=2&group_children=0&no_rooms=1,SIM,"R$ 8.412,00","R$ 1.201,71",SIM,"não informado","Rodada 9B. Âncora: Quarto Duplo Deluxe com Vista Lateral do Mar (plano mais barato entre 2 opções da mesma categoria).","R$ 961,37",COLETADO_COM_SUCESSO
2026-07-26,2027-01-10,2027-01-17,7,2,Pousada Arágua,base (Organic/Fuego/Metallo),Pousada dos Ingleses,Booking,https://www.booking.com/hotel/br/pousada-dos-ingleses.pt-br.html?checkin=2027-01-10&checkout=2027-01-17&group_adults=2&group_children=0&no_rooms=1,SIM,"R$ 4.840,00 + R$ 120,00 taxas","R$ 708,57",NAO,"não informado","Rodada 9B. Âncora: Quarto Duplo Clássico. Taxa separada, já somada.","R$ 566,86",COLETADO_COM_SUCESSO
2026-07-26,2027-01-10,2027-01-17,7,2,Pousada Arágua,base (Organic/Fuego/Metallo),Pousada Dom Capudi,Booking,https://www.booking.com/hotel/br/pousada-dom-capudi.pt-br.html?checkin=2027-01-10&checkout=2027-01-17&group_adults=2&group_children=0&no_rooms=1,NAO,N/A,N/A,N/A,N/A,"Rodada 9B. Âncora aprovada (Quarto Duplo) não aparecia entre as categorias disponíveis — provável esgotamento. Categorias mais caras seguiam à venda, não usadas.",N/A,PRECISA_VALIDACAO_MANUAL
2026-07-26,2027-01-10,2027-01-17,7,2,Pousada Arágua,base (Organic/Fuego/Metallo),Morada do Guaruça,Booking,https://www.booking.com/hotel/br/morada-do-guaruca.pt-br.html?checkin=2027-01-10&checkout=2027-01-17&group_adults=2&group_children=0&no_rooms=1,NAO,N/A,N/A,N/A,N/A,"Rodada 9B. Booking exibe: 'Não temos disponibilidade' para todas as categorias no período.",N/A,PRECISA_VALIDACAO_MANUAL
2026-07-26,2027-01-10,2027-01-17,7,2,Pousada Arágua,base (Organic/Fuego/Metallo),UP Hotel Boutique,Booking,https://www.booking.com/hotel/br/up-boutique.pt-br.html?checkin=2027-01-10&checkout=2027-01-17&group_adults=2&group_children=0&no_rooms=1,SIM,"R$ 8.712,00","R$ 1.244,57",SIM,"não informado","Rodada 9B (ampliada). Âncora: Quarto Duplo Deluxe com Banheira (plano de 2 adultos mais barato).","R$ 995,66",COLETADO_COM_SUCESSO
2026-07-26,2027-01-10,2027-01-17,7,2,Pousada Arágua,base (Organic/Fuego/Metallo),Hotel/Pousada Atalaia do Mariscal,Booking,https://www.booking.com/hotel/br/pousada-atalaia-do-mariscal.pt-br.html?checkin=2027-01-10&checkout=2027-01-17&group_adults=2&group_children=0&no_rooms=1,SIM,"R$ 20.300,00","R$ 2.900,00",SIM,"não informado","Rodada 9B (teto de mercado). Âncora: Suíte Superior. Referência, não entra em nenhuma média. Booking exibia aviso: 'Oferta limitada em Bombinhas nas suas datas: 6 hotéis 4 estrelas como este já estão indisponíveis no nosso site'.","R$ 2.320,00",COLETADO_COM_SUCESSO
2026-07-26,2027-01-17,2027-01-24,7,2,Pousada Arágua,base (Organic/Fuego/Metallo),Vila Boa Vida,Booking,https://www.booking.com/hotel/br/vila-boa-vida.pt-br.html?checkin=2027-01-17&checkout=2027-01-24&group_adults=2&group_children=0&no_rooms=1,SIM,"R$ 6.230,00","R$ 890,00",SIM,"não informado","Rodada 9C (semana intermediária). Âncora: Quarto Duplo Standard.","R$ 712,00",COLETADO_COM_SUCESSO
2026-07-26,2027-01-17,2027-01-24,7,2,Pousada Arágua,base (Organic/Fuego/Metallo),Vila Maciel,Booking,https://www.booking.com/hotel/br/villa-maciel-bombinhas.pt-br.html?checkin=2027-01-17&checkout=2027-01-24&group_adults=2&group_children=0&no_rooms=1,SIM,"R$ 3.885,00 (26% off; original R$ 5.250,00)","R$ 555,00",SIM,"não informado","Rodada 9C. Âncora: Apartamento Standard. Desconto promocional ativo.","R$ 444,00",COLETADO_COM_SUCESSO
2026-07-26,2027-01-17,2027-01-24,7,2,Pousada Arágua,base (Organic/Fuego/Metallo),Pousada Kaloa Eco Village,Booking,https://www.booking.com/hotel/br/pousada-kaloa-eco-village.pt-br.html?checkin=2027-01-17&checkout=2027-01-24&group_adults=2&group_children=0&no_rooms=1,SIM,"R$ 5.460,00","R$ 780,00",SIM,"não informado","Rodada 9C. Âncora: Suíte Standard.","R$ 624,00",COLETADO_COM_SUCESSO
2026-07-26,2027-01-17,2027-01-24,7,2,Pousada Arágua,base (Organic/Fuego/Metallo),Pousada Riviera Bombinhas,Booking,https://www.booking.com/hotel/br/pousada-riviera-bombinhas.pt-br.html?checkin=2027-01-17&checkout=2027-01-24&group_adults=2&group_children=0&no_rooms=1,SIM,"R$ 9.084,00","R$ 1.297,71",SIM,"não informado","Rodada 9C. Âncora: Suíte Loft Riviera.","R$ 1.038,17",COLETADO_COM_SUCESSO
2026-07-26,2027-01-17,2027-01-24,7,2,Pousada Arágua,base (Organic/Fuego/Metallo),Pousada Kia Ora Bombinhas,Booking,https://www.booking.com/hotel/br/kia-ora-bombinhas.pt-br.html?checkin=2027-01-17&checkout=2027-01-24&group_adults=2&group_children=0&no_rooms=1,SIM,"R$ 8.412,00","R$ 1.201,71",SIM,"não informado","Rodada 9C. Âncora: Quarto Duplo Deluxe com Vista Lateral do Mar (plano mais barato entre 2 opções da mesma categoria).","R$ 961,37",COLETADO_COM_SUCESSO
2026-07-26,2027-01-17,2027-01-24,7,2,Pousada Arágua,base (Organic/Fuego/Metallo),Pousada dos Ingleses,Booking,https://www.booking.com/hotel/br/pousada-dos-ingleses.pt-br.html?checkin=2027-01-17&checkout=2027-01-24&group_adults=2&group_children=0&no_rooms=1,SIM,"R$ 4.840,00 + R$ 120,00 taxas","R$ 708,57",NAO,"não informado","Rodada 9C. Âncora: Quarto Duplo Clássico. Taxa separada, já somada.","R$ 566,86",COLETADO_COM_SUCESSO
2026-07-26,2027-01-17,2027-01-24,7,2,Pousada Arágua,base (Organic/Fuego/Metallo),Pousada Dom Capudi,Booking,https://www.booking.com/hotel/br/pousada-dom-capudi.pt-br.html?checkin=2027-01-17&checkout=2027-01-24&group_adults=2&group_children=0&no_rooms=1,SIM,"R$ 5.819,00","R$ 831,29",SIM,"não informado","Rodada 9C. Âncora: Quarto Duplo. Disponível — estava esgotada nas rodadas 9A/9B.","R$ 665,03",COLETADO_COM_SUCESSO
2026-07-26,2027-01-17,2027-01-24,7,2,Pousada Arágua,base (Organic/Fuego/Metallo),Morada do Guaruça,Booking,https://www.booking.com/hotel/br/morada-do-guaruca.pt-br.html?checkin=2027-01-17&checkout=2027-01-24&group_adults=2&group_children=0&no_rooms=1,NAO,N/A,N/A,N/A,N/A,"Rodada 9C. Booking exibe: 'Não temos disponibilidade' para todas as categorias no período.",N/A,PRECISA_VALIDACAO_MANUAL
2026-07-26,2027-01-17,2027-01-24,7,2,Pousada Arágua,base (Organic/Fuego/Metallo),UP Hotel Boutique,Booking,https://www.booking.com/hotel/br/up-boutique.pt-br.html?checkin=2027-01-17&checkout=2027-01-24&group_adults=2&group_children=0&no_rooms=1,SIM,"R$ 8.663,00","R$ 1.237,57",SIM,"não informado","Rodada 9C (ampliada). Âncora: Quarto Duplo Deluxe com Banheira (plano de 2 adultos mais barato).","R$ 990,06",COLETADO_COM_SUCESSO
2026-07-26,2027-01-17,2027-01-24,7,2,Pousada Arágua,base (Organic/Fuego/Metallo),Hotel/Pousada Atalaia do Mariscal,Booking,https://www.booking.com/hotel/br/pousada-atalaia-do-mariscal.pt-br.html?checkin=2027-01-17&checkout=2027-01-24&group_adults=2&group_children=0&no_rooms=1,SIM,"R$ 20.300,00","R$ 2.900,00",SIM,"não informado","Rodada 9C (teto de mercado). Âncora: Suíte Superior. Referência, não entra em nenhuma média. Sem aviso de escassez visível nesta rodada (diferente das demais).","R$ 2.320,00",COLETADO_COM_SUCESSO
2026-07-26,2027-01-24,2027-01-31,7,2,Pousada Arágua,base (Organic/Fuego/Metallo),Vila Boa Vida,Booking,https://www.booking.com/hotel/br/vila-boa-vida.pt-br.html?checkin=2027-01-24&checkout=2027-01-31&group_adults=2&group_children=0&no_rooms=1,SIM,"R$ 6.230,00","R$ 890,00",SIM,"não informado","Rodada 9D (última semana de janeiro). Âncora: Quarto Duplo Standard.","R$ 712,00",COLETADO_COM_SUCESSO
2026-07-26,2027-01-24,2027-01-31,7,2,Pousada Arágua,base (Organic/Fuego/Metallo),Vila Maciel,Booking,https://www.booking.com/hotel/br/villa-maciel-bombinhas.pt-br.html?checkin=2027-01-24&checkout=2027-01-31&group_adults=2&group_children=0&no_rooms=1,SIM,"R$ 3.367,00 (26% off; original R$ 4.550,00)","R$ 481,00",SIM,"não informado","Rodada 9D. Âncora: Apartamento Standard. Desconto promocional ativo.","R$ 384,80",COLETADO_COM_SUCESSO
2026-07-26,2027-01-24,2027-01-31,7,2,Pousada Arágua,base (Organic/Fuego/Metallo),Pousada Kaloa Eco Village,Booking,https://www.booking.com/hotel/br/pousada-kaloa-eco-village.pt-br.html?checkin=2027-01-24&checkout=2027-01-31&group_adults=2&group_children=0&no_rooms=1,SIM,"R$ 5.460,00","R$ 780,00",SIM,"não informado","Rodada 9D. Âncora: Suíte Standard.","R$ 624,00",COLETADO_COM_SUCESSO
2026-07-26,2027-01-24,2027-01-31,7,2,Pousada Arágua,base (Organic/Fuego/Metallo),Pousada Riviera Bombinhas,Booking,https://www.booking.com/hotel/br/pousada-riviera-bombinhas.pt-br.html?checkin=2027-01-24&checkout=2027-01-31&group_adults=2&group_children=0&no_rooms=1,SIM,"R$ 9.084,00","R$ 1.297,71",SIM,"não informado","Rodada 9D. Âncora: Suíte Loft Riviera.","R$ 1.038,17",COLETADO_COM_SUCESSO
2026-07-26,2027-01-24,2027-01-31,7,2,Pousada Arágua,base (Organic/Fuego/Metallo),Pousada Kia Ora Bombinhas,Booking,https://www.booking.com/hotel/br/kia-ora-bombinhas.pt-br.html?checkin=2027-01-24&checkout=2027-01-31&group_adults=2&group_children=0&no_rooms=1,SIM,"R$ 8.412,00","R$ 1.201,71",SIM,"não informado","Rodada 9D. Âncora: Quarto Duplo Deluxe com Vista Lateral do Mar (plano mais barato entre 2 opções da mesma categoria).","R$ 961,37",COLETADO_COM_SUCESSO
2026-07-26,2027-01-24,2027-01-31,7,2,Pousada Arágua,base (Organic/Fuego/Metallo),Pousada dos Ingleses,Booking,https://www.booking.com/hotel/br/pousada-dos-ingleses.pt-br.html?checkin=2027-01-24&checkout=2027-01-31&group_adults=2&group_children=0&no_rooms=1,SIM,"R$ 3.695,00 + R$ 120,00 taxas","R$ 545,00",NAO,"não informado","Rodada 9D. Âncora: Quarto Duplo Clássico. Taxa separada, já somada. Preço mais baixo do conjunto das 4 rodadas para este concorrente.","R$ 436,00",COLETADO_COM_SUCESSO
2026-07-26,2027-01-24,2027-01-31,7,2,Pousada Arágua,base (Organic/Fuego/Metallo),Pousada Dom Capudi,Booking,https://www.booking.com/hotel/br/pousada-dom-capudi.pt-br.html?checkin=2027-01-24&checkout=2027-01-31&group_adults=2&group_children=0&no_rooms=1,SIM,"R$ 5.819,00","R$ 831,29",SIM,"não informado","Rodada 9D. Âncora: Quarto Duplo.","R$ 665,03",COLETADO_COM_SUCESSO
2026-07-26,2027-01-24,2027-01-31,7,2,Pousada Arágua,base (Organic/Fuego/Metallo),Morada do Guaruça,Booking,https://www.booking.com/hotel/br/morada-do-guaruca.pt-br.html?checkin=2027-01-24&checkout=2027-01-31&group_adults=2&group_children=0&no_rooms=1,NAO,N/A,N/A,N/A,N/A,"Rodada 9D. Booking exibe: 'Não temos disponibilidade' para todas as categorias no período — indisponível nas 4 rodadas de janeiro/2027.",N/A,PRECISA_VALIDACAO_MANUAL
2026-07-26,2027-01-24,2027-01-31,7,2,Pousada Arágua,base (Organic/Fuego/Metallo),UP Hotel Boutique,Booking,https://www.booking.com/hotel/br/up-boutique.pt-br.html?checkin=2027-01-24&checkout=2027-01-31&group_adults=2&group_children=0&no_rooms=1,SIM,"R$ 8.494,00","R$ 1.213,43",SIM,"não informado","Rodada 9D (ampliada). Âncora: Quarto Duplo Deluxe com Banheira (plano de 2 adultos mais barato).","R$ 970,74",COLETADO_COM_SUCESSO
2026-07-26,2027-01-24,2027-01-31,7,2,Pousada Arágua,base (Organic/Fuego/Metallo),Hotel/Pousada Atalaia do Mariscal,Booking,https://www.booking.com/hotel/br/pousada-atalaia-do-mariscal.pt-br.html?checkin=2027-01-24&checkout=2027-01-31&group_adults=2&group_children=0&no_rooms=1,SIM,"R$ 20.300,00","R$ 2.900,00",SIM,"não informado","Rodada 9D (teto de mercado). Âncora: Suíte Superior. Referência, não entra em nenhuma média. Sem aviso de escassez visível nesta rodada.","R$ 2.320,00",COLETADO_COM_SUCESSO
2026-07-28,2027-02-05,2027-02-10,5,2,Pousada Arágua,base (Organic/Fuego/Metallo),Vila Boa Vida,Booking,https://www.booking.com/hotel/br/vila-boa-vida.pt-br.html?checkin=2027-02-05&checkout=2027-02-10&group_adults=2&group_children=0&no_rooms=1,NAO,N/A,N/A,N/A,N/A,"Rodada 10 (Carnaval 2027, pacote mín. 5 diárias). Booking exibe: 'Não temos disponibilidade' para todas as categorias no período.",N/A,PRECISA_VALIDACAO_MANUAL
2026-07-28,2027-02-05,2027-02-10,5,2,Pousada Arágua,base (Organic/Fuego/Metallo),Vila Maciel,Booking,https://www.booking.com/hotel/br/villa-maciel-bombinhas.pt-br.html?checkin=2027-02-05&checkout=2027-02-10&group_adults=2&group_children=0&no_rooms=1,SIM,"R$ 2.531,00 (26% off; original R$ 3.420,00)","R$ 506,20",SIM,"não informado","Rodada 10. Âncora: Apartamento Standard (plano de 2 adultos mais barato). Desconto promocional ativo.","R$ 404,96",COLETADO_COM_SUCESSO
2026-07-28,2027-02-05,2027-02-10,5,2,Pousada Arágua,base (Organic/Fuego/Metallo),Pousada Kaloa Eco Village,Booking,https://www.booking.com/hotel/br/pousada-kaloa-eco-village.pt-br.html?checkin=2027-02-05&checkout=2027-02-10&group_adults=2&group_children=0&no_rooms=1,SIM,"R$ 3.738,00","R$ 747,60",SIM,"não informado","Rodada 10. Âncora: Suíte Standard.","R$ 598,08",COLETADO_COM_SUCESSO
2026-07-28,2027-02-05,2027-02-10,5,2,Pousada Arágua,base (Organic/Fuego/Metallo),Pousada Riviera Bombinhas,Booking,https://www.booking.com/hotel/br/pousada-riviera-bombinhas.pt-br.html?checkin=2027-02-05&checkout=2027-02-10&group_adults=2&group_children=0&no_rooms=1,NAO,N/A,N/A,N/A,N/A,"Rodada 10. Booking exibe: 'Não temos disponibilidade' para todas as categorias no período.",N/A,PRECISA_VALIDACAO_MANUAL
2026-07-28,2027-02-05,2027-02-10,5,2,Pousada Arágua,base (Organic/Fuego/Metallo),Pousada Kia Ora Bombinhas,Booking,https://www.booking.com/hotel/br/kia-ora-bombinhas.pt-br.html?checkin=2027-02-05&checkout=2027-02-10&group_adults=2&group_children=0&no_rooms=1,SIM,"R$ 5.486,00","R$ 1.097,20",SIM,"não informado","Rodada 10. Âncora: Quarto Duplo Deluxe com Vista Lateral do Mar (plano mais barato entre 2 opções da mesma categoria).","R$ 877,76",COLETADO_COM_SUCESSO
2026-07-28,2027-02-05,2027-02-10,5,2,Pousada Arágua,base (Organic/Fuego/Metallo),Pousada dos Ingleses,Booking,https://www.booking.com/hotel/br/pousada-dos-ingleses.pt-br.html?checkin=2027-02-05&checkout=2027-02-10&group_adults=2&group_children=0&no_rooms=1,NAO,N/A,N/A,N/A,N/A,"Rodada 10. Âncora aprovada (Quarto Duplo Clássico) não aparecia entre as categorias disponíveis — provável esgotamento. Categorias mais caras (Chalé Master, Quarto Duplo Básico, Suíte) seguiam à venda, não usadas.",N/A,PRECISA_VALIDACAO_MANUAL
2026-07-28,2027-02-05,2027-02-10,5,2,Pousada Arágua,base (Organic/Fuego/Metallo),Pousada Dom Capudi,Booking,https://www.booking.com/hotel/br/pousada-dom-capudi.pt-br.html?checkin=2027-02-05&checkout=2027-02-10&group_adults=2&group_children=0&no_rooms=1,SIM,"R$ 4.988,00","R$ 997,60",SIM,"não informado","Rodada 10. Âncora: Quarto Duplo.","R$ 798,08",COLETADO_COM_SUCESSO
2026-07-28,2027-02-05,2027-02-10,5,2,Pousada Arágua,base (Organic/Fuego/Metallo),Morada do Guaruça,Booking,https://www.booking.com/hotel/br/morada-do-guaruca.pt-br.html?checkin=2027-02-05&checkout=2027-02-10&group_adults=2&group_children=0&no_rooms=1,NAO,N/A,N/A,N/A,N/A,"Rodada 10. Booking exibe: 'Não temos disponibilidade' para todas as categorias no período.",N/A,PRECISA_VALIDACAO_MANUAL
2026-07-28,2027-02-05,2027-02-10,5,2,Pousada Arágua,base (Organic/Fuego/Metallo),UP Hotel Boutique,Booking,https://www.booking.com/hotel/br/up-boutique.pt-br.html?checkin=2027-02-05&checkout=2027-02-10&group_adults=2&group_children=0&no_rooms=1,SIM,"R$ 5.569,00","R$ 1.113,80",SIM,"não informado","Rodada 10 (ampliada). Âncora: Quarto Duplo Deluxe com Banheira (plano de 2 adultos mais barato).","R$ 891,04",COLETADO_COM_SUCESSO
2026-07-28,2027-02-05,2027-02-10,5,2,Pousada Arágua,base (Organic/Fuego/Metallo),Hotel/Pousada Atalaia do Mariscal,Booking,https://www.booking.com/hotel/br/pousada-atalaia-do-mariscal.pt-br.html?checkin=2027-02-05&checkout=2027-02-10&group_adults=2&group_children=0&no_rooms=1,SIM,"R$ 14.500,00","R$ 2.900,00",SIM,"não informado","Rodada 10 (teto de mercado). Âncora: Suíte Superior. Referência, não entra em nenhuma média. Sem aviso de escassez visível nesta rodada.","R$ 2.320,00",COLETADO_COM_SUCESSO
2026-07-28,2027-02-01,2027-02-05,4,2,Pousada Arágua,base (Organic/Fuego/Metallo),Vila Boa Vida,Booking,https://www.booking.com/hotel/br/vila-boa-vida.pt-br.html?checkin=2027-02-01&checkout=2027-02-05&group_adults=2&group_children=0&no_rooms=1,NAO,N/A,N/A,N/A,N/A,"Rodada 11A (pré-Carnaval). Booking exibe: 'Não temos disponibilidade' para todas as categorias no período.",N/A,PRECISA_VALIDACAO_MANUAL
2026-07-28,2027-02-01,2027-02-05,4,2,Pousada Arágua,base (Organic/Fuego/Metallo),Vila Maciel,Booking,https://www.booking.com/hotel/br/villa-maciel-bombinhas.pt-br.html?checkin=2027-02-01&checkout=2027-02-05&group_adults=2&group_children=0&no_rooms=1,SIM,"R$ 2.470,00","R$ 617,50",SIM,"não informado","Rodada 11A. Âncora: Apartamento Standard. Sem desconto promocional visível nesta rodada.","R$ 494,00",COLETADO_COM_SUCESSO
2026-07-28,2027-02-01,2027-02-05,4,2,Pousada Arágua,base (Organic/Fuego/Metallo),Pousada Kaloa Eco Village,Booking,https://www.booking.com/hotel/br/pousada-kaloa-eco-village.pt-br.html?checkin=2027-02-01&checkout=2027-02-05&group_adults=2&group_children=0&no_rooms=1,SIM,"R$ 2.990,00","R$ 747,50",SIM,"não informado","Rodada 11A. Âncora: Suíte Standard.","R$ 598,00",COLETADO_COM_SUCESSO
2026-07-28,2027-02-01,2027-02-05,4,2,Pousada Arágua,base (Organic/Fuego/Metallo),Pousada Riviera Bombinhas,Booking,https://www.booking.com/hotel/br/pousada-riviera-bombinhas.pt-br.html?checkin=2027-02-01&checkout=2027-02-05&group_adults=2&group_children=0&no_rooms=1,NAO,N/A,N/A,N/A,N/A,"Rodada 11A. Booking exibe: 'Não temos disponibilidade' para todas as categorias no período.",N/A,PRECISA_VALIDACAO_MANUAL
2026-07-28,2027-02-01,2027-02-05,4,2,Pousada Arágua,base (Organic/Fuego/Metallo),Pousada Kia Ora Bombinhas,Booking,https://www.booking.com/hotel/br/kia-ora-bombinhas.pt-br.html?checkin=2027-02-01&checkout=2027-02-05&group_adults=2&group_children=0&no_rooms=1,SIM,"R$ 4.222,00","R$ 1.055,50",SIM,"não informado","Rodada 11A. Âncora: Quarto Duplo Deluxe com Vista Lateral do Mar (plano mais barato entre 2 opções da mesma categoria).","R$ 844,40",COLETADO_COM_SUCESSO
2026-07-28,2027-02-01,2027-02-05,4,2,Pousada Arágua,base (Organic/Fuego/Metallo),Pousada dos Ingleses,Booking,https://www.booking.com/hotel/br/pousada-dos-ingleses.pt-br.html?checkin=2027-02-01&checkout=2027-02-05&group_adults=2&group_children=0&no_rooms=1,NAO,N/A,N/A,N/A,N/A,"Rodada 11A. Âncora aprovada (Quarto Duplo Clássico) não aparecia entre as categorias disponíveis — provável esgotamento. Só Chalé Master e Suíte seguiam à venda, não usadas por não serem a âncora aprovada.",N/A,PRECISA_VALIDACAO_MANUAL
2026-07-28,2027-02-01,2027-02-05,4,2,Pousada Arágua,base (Organic/Fuego/Metallo),Pousada Dom Capudi,Booking,https://www.booking.com/hotel/br/pousada-dom-capudi.pt-br.html?checkin=2027-02-01&checkout=2027-02-05&group_adults=2&group_children=0&no_rooms=1,SIM,"R$ 3.325,00","R$ 831,25",SIM,"não informado","Rodada 11A. Âncora: Quarto Duplo.","R$ 665,00",COLETADO_COM_SUCESSO
2026-07-28,2027-02-01,2027-02-05,4,2,Pousada Arágua,base (Organic/Fuego/Metallo),Morada do Guaruça,Booking,https://www.booking.com/hotel/br/morada-do-guaruca.pt-br.html?checkin=2027-02-01&checkout=2027-02-05&group_adults=2&group_children=0&no_rooms=1,NAO,N/A,N/A,N/A,N/A,"Rodada 11A. Booking exibe: 'Não temos disponibilidade' para todas as categorias no período.",N/A,PRECISA_VALIDACAO_MANUAL
2026-07-28,2027-02-01,2027-02-05,4,2,Pousada Arágua,base (Organic/Fuego/Metallo),UP Hotel Boutique,Booking,https://www.booking.com/hotel/br/up-boutique.pt-br.html?checkin=2027-02-01&checkout=2027-02-05&group_adults=2&group_children=0&no_rooms=1,SIM,"R$ 4.725,00","R$ 1.181,25",SIM,"não informado","Rodada 11A (ampliada). Âncora: Quarto Duplo Deluxe com Banheira (plano de 2 adultos mais barato).","R$ 945,00",COLETADO_COM_SUCESSO
2026-07-28,2027-02-01,2027-02-05,4,2,Pousada Arágua,base (Organic/Fuego/Metallo),Hotel/Pousada Atalaia do Mariscal,Booking,https://www.booking.com/hotel/br/pousada-atalaia-do-mariscal.pt-br.html?checkin=2027-02-01&checkout=2027-02-05&group_adults=2&group_children=0&no_rooms=1,NAO,N/A,N/A,N/A,N/A,"Rodada 11A (teto de mercado). Âncora aprovada (Suíte Superior) não aparecia entre as categorias disponíveis. Único plano restante era Quarto Quádruplo Comfort de ocupação single (1 pessoa, R$12.800/4 diárias) — não comparável ao perfil de 2 adultos, não usado.",N/A,PRECISA_VALIDACAO_MANUAL
2026-07-28,2027-02-10,2027-02-17,7,2,Pousada Arágua,base (Organic/Fuego/Metallo),Vila Boa Vida,Booking,https://www.booking.com/hotel/br/vila-boa-vida.pt-br.html?checkin=2027-02-10&checkout=2027-02-17&group_adults=2&group_children=0&no_rooms=1,NAO,N/A,N/A,N/A,N/A,"Rodada 11B (pós-Carnaval imediato). Booking exibe: 'Não temos disponibilidade' para todas as categorias no período.",N/A,PRECISA_VALIDACAO_MANUAL
2026-07-28,2027-02-10,2027-02-17,7,2,Pousada Arágua,base (Organic/Fuego/Metallo),Vila Maciel,Booking,https://www.booking.com/hotel/br/villa-maciel-bombinhas.pt-br.html?checkin=2027-02-10&checkout=2027-02-17&group_adults=2&group_children=0&no_rooms=1,SIM,"R$ 2.953,00 (26% off; original R$ 3.990,00)","R$ 421,86",SIM,"não informado","Rodada 11B. Âncora: Apartamento Standard. Desconto promocional ativo.","R$ 337,49",COLETADO_COM_SUCESSO
2026-07-28,2027-02-10,2027-02-17,7,2,Pousada Arágua,base (Organic/Fuego/Metallo),Pousada Kaloa Eco Village,Booking,https://www.booking.com/hotel/br/pousada-kaloa-eco-village.pt-br.html?checkin=2027-02-10&checkout=2027-02-17&group_adults=2&group_children=0&no_rooms=1,SIM,"R$ 5.233,00","R$ 747,57",SIM,"não informado","Rodada 11B. Âncora: Suíte Standard.","R$ 598,06",COLETADO_COM_SUCESSO
2026-07-28,2027-02-10,2027-02-17,7,2,Pousada Arágua,base (Organic/Fuego/Metallo),Pousada Riviera Bombinhas,Booking,https://www.booking.com/hotel/br/pousada-riviera-bombinhas.pt-br.html?checkin=2027-02-10&checkout=2027-02-17&group_adults=2&group_children=0&no_rooms=1,SIM,"R$ 6.845,00","R$ 978,00",SIM,"não informado","Rodada 11B. Âncora: Suíte Loft Riviera.","R$ 782,40",COLETADO_COM_SUCESSO
2026-07-28,2027-02-10,2027-02-17,7,2,Pousada Arágua,base (Organic/Fuego/Metallo),Pousada Kia Ora Bombinhas,Booking,https://www.booking.com/hotel/br/kia-ora-bombinhas.pt-br.html?checkin=2027-02-10&checkout=2027-02-17&group_adults=2&group_children=0&no_rooms=1,SIM,"R$ 7.388,00","R$ 1.055,43",SIM,"não informado","Rodada 11B. Âncora: Quarto Duplo Deluxe com Vista Lateral do Mar (plano mais barato entre 2 opções da mesma categoria).","R$ 844,34",COLETADO_COM_SUCESSO
2026-07-28,2027-02-10,2027-02-17,7,2,Pousada Arágua,base (Organic/Fuego/Metallo),Pousada dos Ingleses,Booking,https://www.booking.com/hotel/br/pousada-dos-ingleses.pt-br.html?checkin=2027-02-10&checkout=2027-02-17&group_adults=2&group_children=0&no_rooms=1,NAO,N/A,N/A,N/A,N/A,"Rodada 11B. Âncora aprovada (Quarto Duplo Clássico) não aparecia entre as categorias disponíveis — provável esgotamento. Só Chalé Master e Suíte seguiam à venda, não usadas.",N/A,PRECISA_VALIDACAO_MANUAL
2026-07-28,2027-02-10,2027-02-17,7,2,Pousada Arágua,base (Organic/Fuego/Metallo),Pousada Dom Capudi,Booking,https://www.booking.com/hotel/br/pousada-dom-capudi.pt-br.html?checkin=2027-02-10&checkout=2027-02-17&group_adults=2&group_children=0&no_rooms=1,SIM,"R$ 5.444,00","R$ 777,71",SIM,"não informado","Rodada 11B. Âncora: Quarto Duplo.","R$ 622,17",COLETADO_COM_SUCESSO
2026-07-28,2027-02-10,2027-02-17,7,2,Pousada Arágua,base (Organic/Fuego/Metallo),Morada do Guaruça,Booking,https://www.booking.com/hotel/br/morada-do-guaruca.pt-br.html?checkin=2027-02-10&checkout=2027-02-17&group_adults=2&group_children=0&no_rooms=1,NAO,N/A,N/A,N/A,N/A,"Rodada 11B. Booking exibe: 'Não temos disponibilidade' para todas as categorias no período.",N/A,PRECISA_VALIDACAO_MANUAL
2026-07-28,2027-02-10,2027-02-17,7,2,Pousada Arágua,base (Organic/Fuego/Metallo),UP Hotel Boutique,Booking,https://www.booking.com/hotel/br/up-boutique.pt-br.html?checkin=2027-02-10&checkout=2027-02-17&group_adults=2&group_children=0&no_rooms=1,SIM,"R$ 5.749,00","R$ 821,29",SIM,"não informado","Rodada 11B (ampliada). Âncora: Quarto Duplo Deluxe com Banheira (plano de 2 adultos mais barato).","R$ 657,03",COLETADO_COM_SUCESSO
2026-07-28,2027-02-10,2027-02-17,7,2,Pousada Arágua,base (Organic/Fuego/Metallo),Hotel/Pousada Atalaia do Mariscal,Booking,https://www.booking.com/hotel/br/pousada-atalaia-do-mariscal.pt-br.html?checkin=2027-02-10&checkout=2027-02-17&group_adults=2&group_children=0&no_rooms=1,SIM,"R$ 18.200,00","R$ 2.600,00",SIM,"não informado","Rodada 11B (teto de mercado). Âncora: Suíte Superior. Referência, não entra em nenhuma média. Sem aviso de escassez visível.","R$ 2.080,00",COLETADO_COM_SUCESSO
2026-07-28,2027-02-17,2027-02-24,7,2,Pousada Arágua,base (Organic/Fuego/Metallo),Vila Boa Vida,Booking,https://www.booking.com/hotel/br/vila-boa-vida.pt-br.html?checkin=2027-02-17&checkout=2027-02-24&group_adults=2&group_children=0&no_rooms=1,NAO,N/A,N/A,N/A,N/A,"Rodada 11C (segunda metade de fevereiro). Booking exibe: 'Não temos disponibilidade' para todas as categorias no período.",N/A,PRECISA_VALIDACAO_MANUAL
2026-07-28,2027-02-17,2027-02-24,7,2,Pousada Arágua,base (Organic/Fuego/Metallo),Vila Maciel,Booking,https://www.booking.com/hotel/br/villa-maciel-bombinhas.pt-br.html?checkin=2027-02-17&checkout=2027-02-24&group_adults=2&group_children=0&no_rooms=1,SIM,"R$ 2.636,00 (26% off; original R$ 3.563,00)","R$ 376,57",SIM,"não informado","Rodada 11C. Âncora: Apartamento Standard. Desconto promocional ativo.","R$ 301,26",COLETADO_COM_SUCESSO
2026-07-28,2027-02-17,2027-02-24,7,2,Pousada Arágua,base (Organic/Fuego/Metallo),Pousada Kaloa Eco Village,Booking,https://www.booking.com/hotel/br/pousada-kaloa-eco-village.pt-br.html?checkin=2027-02-17&checkout=2027-02-24&group_adults=2&group_children=0&no_rooms=1,SIM,"R$ 5.233,00","R$ 747,57",SIM,"não informado","Rodada 11C. Âncora: Suíte Standard.","R$ 598,06",COLETADO_COM_SUCESSO
2026-07-28,2027-02-17,2027-02-24,7,2,Pousada Arágua,base (Organic/Fuego/Metallo),Pousada Riviera Bombinhas,Booking,https://www.booking.com/hotel/br/pousada-riviera-bombinhas.pt-br.html?checkin=2027-02-17&checkout=2027-02-24&group_adults=2&group_children=0&no_rooms=1,SIM,"R$ 6.845,00","R$ 978,00",SIM,"não informado","Rodada 11C. Âncora: Suíte Loft Riviera.","R$ 782,40",COLETADO_COM_SUCESSO
2026-07-28,2027-02-17,2027-02-24,7,2,Pousada Arágua,base (Organic/Fuego/Metallo),Pousada Kia Ora Bombinhas,Booking,https://www.booking.com/hotel/br/kia-ora-bombinhas.pt-br.html?checkin=2027-02-17&checkout=2027-02-24&group_adults=2&group_children=0&no_rooms=1,SIM,"R$ 7.388,00","R$ 1.055,43",SIM,"não informado","Rodada 11C. Âncora: Quarto Duplo Deluxe com Vista Lateral do Mar (plano mais barato entre 2 opções da mesma categoria).","R$ 844,34",COLETADO_COM_SUCESSO
2026-07-28,2027-02-17,2027-02-24,7,2,Pousada Arágua,base (Organic/Fuego/Metallo),Pousada dos Ingleses,Booking,https://www.booking.com/hotel/br/pousada-dos-ingleses.pt-br.html?checkin=2027-02-17&checkout=2027-02-24&group_adults=2&group_children=0&no_rooms=1,SIM,"R$ 2.823,00 + R$ 120,00 taxas","R$ 420,43",NAO,"não informado","Rodada 11C. Âncora: Quarto Duplo Clássico. Voltou a aparecer disponível (esgotada em 11A/11B). Taxa separada, já somada.","R$ 336,34",COLETADO_COM_SUCESSO
2026-07-28,2027-02-17,2027-02-24,7,2,Pousada Arágua,base (Organic/Fuego/Metallo),Pousada Dom Capudi,Booking,https://www.booking.com/hotel/br/pousada-dom-capudi.pt-br.html?checkin=2027-02-17&checkout=2027-02-24&group_adults=2&group_children=0&no_rooms=1,SIM,"R$ 5.187,00","R$ 741,00",SIM,"não informado","Rodada 11C. Âncora: Quarto Duplo.","R$ 592,80",COLETADO_COM_SUCESSO
2026-07-28,2027-02-17,2027-02-24,7,2,Pousada Arágua,base (Organic/Fuego/Metallo),Morada do Guaruça,Booking,https://www.booking.com/hotel/br/morada-do-guaruca.pt-br.html?checkin=2027-02-17&checkout=2027-02-24&group_adults=2&group_children=0&no_rooms=1,NAO,N/A,N/A,N/A,N/A,"Rodada 11C. Booking exibe: 'Não temos disponibilidade' para todas as categorias no período.",N/A,PRECISA_VALIDACAO_MANUAL
2026-07-28,2027-02-17,2027-02-24,7,2,Pousada Arágua,base (Organic/Fuego/Metallo),UP Hotel Boutique,Booking,https://www.booking.com/hotel/br/up-boutique.pt-br.html?checkin=2027-02-17&checkout=2027-02-24&group_adults=2&group_children=0&no_rooms=1,SIM,"R$ 5.749,00","R$ 821,29",SIM,"não informado","Rodada 11C (ampliada). Âncora: Quarto Duplo Deluxe com Banheira (plano de 2 adultos mais barato).","R$ 657,03",COLETADO_COM_SUCESSO
2026-07-28,2027-02-17,2027-02-24,7,2,Pousada Arágua,base (Organic/Fuego/Metallo),Hotel/Pousada Atalaia do Mariscal,Booking,https://www.booking.com/hotel/br/pousada-atalaia-do-mariscal.pt-br.html?checkin=2027-02-17&checkout=2027-02-24&group_adults=2&group_children=0&no_rooms=1,SIM,"R$ 18.200,00","R$ 2.600,00",SIM,"não informado","Rodada 11C (teto de mercado). Âncora: Suíte Superior. Referência, não entra em nenhuma média.","R$ 2.080,00",COLETADO_COM_SUCESSO
2026-07-28,2027-02-24,2027-02-28,4,2,Pousada Arágua,base (Organic/Fuego/Metallo),Vila Boa Vida,Booking,https://www.booking.com/hotel/br/vila-boa-vida.pt-br.html?checkin=2027-02-24&checkout=2027-02-28&group_adults=2&group_children=0&no_rooms=1,NAO,N/A,N/A,N/A,N/A,"Rodada 11D (final de fevereiro). Booking exibe: 'Não temos disponibilidade' para todas as categorias no período.",N/A,PRECISA_VALIDACAO_MANUAL
2026-07-28,2027-02-24,2027-02-28,4,2,Pousada Arágua,base (Organic/Fuego/Metallo),Vila Maciel,Booking,https://www.booking.com/hotel/br/villa-maciel-bombinhas.pt-br.html?checkin=2027-02-24&checkout=2027-02-28&group_adults=2&group_children=0&no_rooms=1,SIM,"R$ 1.710,00","R$ 427,50",SIM,"não informado","Rodada 11D. Âncora: Apartamento Standard. Sem desconto promocional visível — preço nominal mais baixo do conjunto das 4 sub-rodadas.","R$ 342,00",COLETADO_COM_SUCESSO
2026-07-28,2027-02-24,2027-02-28,4,2,Pousada Arágua,base (Organic/Fuego/Metallo),Pousada Kaloa Eco Village,Booking,https://www.booking.com/hotel/br/pousada-kaloa-eco-village.pt-br.html?checkin=2027-02-24&checkout=2027-02-28&group_adults=2&group_children=0&no_rooms=1,SIM,"R$ 2.990,00","R$ 747,50",SIM,"não informado","Rodada 11D. Âncora: Suíte Standard.","R$ 598,00",COLETADO_COM_SUCESSO
2026-07-28,2027-02-24,2027-02-28,4,2,Pousada Arágua,base (Organic/Fuego/Metallo),Pousada Riviera Bombinhas,Booking,https://www.booking.com/hotel/br/pousada-riviera-bombinhas.pt-br.html?checkin=2027-02-24&checkout=2027-02-28&group_adults=2&group_children=0&no_rooms=1,NAO,N/A,N/A,N/A,N/A,"Rodada 11D. Booking exibe: 'Não temos disponibilidade' para todas as categorias no período.",N/A,PRECISA_VALIDACAO_MANUAL
2026-07-28,2027-02-24,2027-02-28,4,2,Pousada Arágua,base (Organic/Fuego/Metallo),Pousada Kia Ora Bombinhas,Booking,https://www.booking.com/hotel/br/kia-ora-bombinhas.pt-br.html?checkin=2027-02-24&checkout=2027-02-28&group_adults=2&group_children=0&no_rooms=1,SIM,"R$ 4.222,00","R$ 1.055,50",SIM,"não informado","Rodada 11D. Âncora: Quarto Duplo Deluxe com Vista Lateral do Mar (plano mais barato entre 2 opções da mesma categoria).","R$ 844,40",COLETADO_COM_SUCESSO
2026-07-28,2027-02-24,2027-02-28,4,2,Pousada Arágua,base (Organic/Fuego/Metallo),Pousada dos Ingleses,Booking,https://www.booking.com/hotel/br/pousada-dos-ingleses.pt-br.html?checkin=2027-02-24&checkout=2027-02-28&group_adults=2&group_children=0&no_rooms=1,SIM,"R$ 1.613,00 + R$ 120,00 taxas","R$ 433,25",NAO,"não informado","Rodada 11D. Âncora: Quarto Duplo Clássico. Taxa separada, já somada. Preço nominal mais baixo do conjunto das 4 sub-rodadas para este concorrente.","R$ 346,60",COLETADO_COM_SUCESSO
2026-07-28,2027-02-24,2027-02-28,4,2,Pousada Arágua,base (Organic/Fuego/Metallo),Pousada Dom Capudi,Booking,https://www.booking.com/hotel/br/pousada-dom-capudi.pt-br.html?checkin=2027-02-24&checkout=2027-02-28&group_adults=2&group_children=0&no_rooms=1,SIM,"R$ 2.964,00","R$ 741,00",SIM,"não informado","Rodada 11D. Âncora: Quarto Duplo.","R$ 592,80",COLETADO_COM_SUCESSO
2026-07-28,2027-02-24,2027-02-28,4,2,Pousada Arágua,base (Organic/Fuego/Metallo),Morada do Guaruça,Booking,https://www.booking.com/hotel/br/morada-do-guaruca.pt-br.html?checkin=2027-02-24&checkout=2027-02-28&group_adults=2&group_children=0&no_rooms=1,NAO,N/A,N/A,N/A,N/A,"Rodada 11D. Booking exibe: 'Não temos disponibilidade' para todas as categorias no período.",N/A,PRECISA_VALIDACAO_MANUAL
2026-07-28,2027-02-24,2027-02-28,4,2,Pousada Arágua,base (Organic/Fuego/Metallo),UP Hotel Boutique,Booking,https://www.booking.com/hotel/br/up-boutique.pt-br.html?checkin=2027-02-24&checkout=2027-02-28&group_adults=2&group_children=0&no_rooms=1,SIM,"R$ 2.813,00","R$ 703,25",SIM,"não informado","Rodada 11D (ampliada). Âncora: Quarto Duplo Deluxe com Banheira (plano de 2 adultos mais barato). Preço nominal bem mais baixo que 11A/11B/11C.","R$ 562,60",COLETADO_COM_SUCESSO
2026-07-28,2027-02-24,2027-02-28,4,2,Pousada Arágua,base (Organic/Fuego/Metallo),Hotel/Pousada Atalaia do Mariscal,Booking,https://www.booking.com/hotel/br/pousada-atalaia-do-mariscal.pt-br.html?checkin=2027-02-24&checkout=2027-02-28&group_adults=2&group_children=0&no_rooms=1,NAO,N/A,N/A,N/A,N/A,"Rodada 11D (teto de mercado). Booking exibe: 'Não temos disponibilidade' para todas as categorias no período — primeira vez em toda a série histórica do Radar que o próprio teto de mercado aparece 100% esgotado.",N/A,PRECISA_VALIDACAO_MANUAL
2026-07-29,2027-03-01,2027-03-08,7,2,Pousada Arágua,base (Organic/Fuego/Metallo),Vila Boa Vida,Booking,https://www.booking.com/hotel/br/vila-boa-vida.pt-br.html?checkin=2027-03-01&checkout=2027-03-08&group_adults=2&group_children=0&no_rooms=1,NAO,N/A,N/A,N/A,N/A,"Rodada 12A (primeira quinzena de março). Booking exibe: 'Não temos disponibilidade' para todas as categorias no período.",N/A,PRECISA_VALIDACAO_MANUAL
2026-07-29,2027-03-01,2027-03-08,7,2,Pousada Arágua,base (Organic/Fuego/Metallo),Vila Maciel,Booking,https://www.booking.com/hotel/br/villa-maciel-bombinhas.pt-br.html?checkin=2027-03-01&checkout=2027-03-08&group_adults=2&group_children=0&no_rooms=1,SIM,"R$ 2.945,00","R$ 420,71",SIM,"não informado","Rodada 12A. Âncora: Apartamento Standard. Sem desconto ativo nesta rodada.","R$ 336,57",COLETADO_COM_SUCESSO
2026-07-29,2027-03-01,2027-03-08,7,2,Pousada Arágua,base (Organic/Fuego/Metallo),Pousada Kaloa Eco Village,Booking,https://www.booking.com/hotel/br/pousada-kaloa-eco-village.pt-br.html?checkin=2027-03-01&checkout=2027-03-08&group_adults=2&group_children=0&no_rooms=1,SIM,"R$ 3.462,00","R$ 494,57",SIM,"não informado","Rodada 12A. Âncora: Suíte Standard.","R$ 395,66",COLETADO_COM_SUCESSO
2026-07-29,2027-03-01,2027-03-08,7,2,Pousada Arágua,base (Organic/Fuego/Metallo),Pousada Riviera Bombinhas,Booking,https://www.booking.com/hotel/br/pousada-riviera-bombinhas.pt-br.html?checkin=2027-03-01&checkout=2027-03-08&group_adults=2&group_children=0&no_rooms=1,SIM,"R$ 4.908,00","R$ 701,14",SIM,"não informado","Rodada 12A. Âncora: Suíte Loft Riviera.","R$ 560,91",COLETADO_COM_SUCESSO
2026-07-29,2027-03-01,2027-03-08,7,2,Pousada Arágua,base (Organic/Fuego/Metallo),Pousada Kia Ora Bombinhas,Booking,https://www.booking.com/hotel/br/kia-ora-bombinhas.pt-br.html?checkin=2027-03-01&checkout=2027-03-08&group_adults=2&group_children=0&no_rooms=1,SIM,"R$ 5.097,00","R$ 728,14",SIM,"não informado","Rodada 12A. Âncora: Quarto Duplo Deluxe com Vista Lateral do Mar (plano mais barato entre 2 opções da mesma categoria).","R$ 582,51",COLETADO_COM_SUCESSO
2026-07-29,2027-03-01,2027-03-08,7,2,Pousada Arágua,base (Organic/Fuego/Metallo),Pousada dos Ingleses,Booking,https://www.booking.com/hotel/br/pousada-dos-ingleses.pt-br.html?checkin=2027-03-01&checkout=2027-03-08&group_adults=2&group_children=0&no_rooms=1,SIM,"R$ 2.442,00 + R$ 120,00 taxas","R$ 366,00",NAO,"não informado","Rodada 12A. Âncora: Quarto Duplo Clássico. Taxa separada, já somada.","R$ 292,80",COLETADO_COM_SUCESSO
2026-07-29,2027-03-01,2027-03-08,7,2,Pousada Arágua,base (Organic/Fuego/Metallo),Pousada Dom Capudi,Booking,https://www.booking.com/hotel/br/pousada-dom-capudi.pt-br.html?checkin=2027-03-01&checkout=2027-03-08&group_adults=2&group_children=0&no_rooms=1,SIM,"R$ 3.259,00","R$ 465,57",SIM,"não informado","Rodada 12A. Âncora: Quarto Duplo.","R$ 372,46",COLETADO_COM_SUCESSO
2026-07-29,2027-03-01,2027-03-08,7,2,Pousada Arágua,base (Organic/Fuego/Metallo),Morada do Guaruça,Booking,https://www.booking.com/hotel/br/morada-do-guaruca.pt-br.html?checkin=2027-03-01&checkout=2027-03-08&group_adults=2&group_children=0&no_rooms=1,NAO,N/A,N/A,N/A,N/A,"Rodada 12A. Booking exibe: 'Não temos disponibilidade' para todas as categorias no período.",N/A,PRECISA_VALIDACAO_MANUAL
2026-07-29,2027-03-01,2027-03-08,7,2,Pousada Arágua,base (Organic/Fuego/Metallo),UP Hotel Boutique,Booking,https://www.booking.com/hotel/br/up-boutique.pt-br.html?checkin=2027-03-01&checkout=2027-03-08&group_adults=2&group_children=0&no_rooms=1,SIM,"R$ 4.182,00 (10% off; original R$ 4.646,00)","R$ 597,43",SIM,"não informado","Rodada 12A (ampliada). Âncora: Quarto Duplo Deluxe com Banheira (plano de 2 adultos mais barato).","R$ 477,94",COLETADO_COM_SUCESSO
2026-07-29,2027-03-01,2027-03-08,7,2,Pousada Arágua,base (Organic/Fuego/Metallo),Hotel/Pousada Atalaia do Mariscal,Booking,https://www.booking.com/hotel/br/pousada-atalaia-do-mariscal.pt-br.html?checkin=2027-03-01&checkout=2027-03-08&group_adults=2&group_children=0&no_rooms=1,SIM,"R$ 11.200,00","R$ 1.600,00",SIM,"não informado","Rodada 12A (teto de mercado). Âncora: Suíte Superior. Referência, não entra em nenhuma média. Sem aviso de escassez visível.","R$ 1.280,00",COLETADO_COM_SUCESSO
2026-07-29,2027-03-15,2027-03-22,7,2,Pousada Arágua,base (Organic/Fuego/Metallo),Vila Boa Vida,Booking,https://www.booking.com/hotel/br/vila-boa-vida.pt-br.html?checkin=2027-03-15&checkout=2027-03-22&group_adults=2&group_children=0&no_rooms=1,NAO,N/A,N/A,N/A,N/A,"Rodada 12B (segunda quinzena de março). Booking exibe: 'Não temos disponibilidade' para todas as categorias no período.",N/A,PRECISA_VALIDACAO_MANUAL
2026-07-29,2027-03-15,2027-03-22,7,2,Pousada Arágua,base (Organic/Fuego/Metallo),Vila Maciel,Booking,https://www.booking.com/hotel/br/villa-maciel-bombinhas.pt-br.html?checkin=2027-03-15&checkout=2027-03-22&group_adults=2&group_children=0&no_rooms=1,SIM,"R$ 2.708,00","R$ 386,86",SIM,"não informado","Rodada 12B. Âncora: Apartamento Standard. Sem desconto ativo nesta rodada.","R$ 309,49",COLETADO_COM_SUCESSO
2026-07-29,2027-03-15,2027-03-22,7,2,Pousada Arágua,base (Organic/Fuego/Metallo),Pousada Kaloa Eco Village,Booking,https://www.booking.com/hotel/br/pousada-kaloa-eco-village.pt-br.html?checkin=2027-03-15&checkout=2027-03-22&group_adults=2&group_children=0&no_rooms=1,SIM,"R$ 3.462,00","R$ 494,57",SIM,"não informado","Rodada 12B. Âncora: Suíte Standard.","R$ 395,66",COLETADO_COM_SUCESSO
2026-07-29,2027-03-15,2027-03-22,7,2,Pousada Arágua,base (Organic/Fuego/Metallo),Pousada Riviera Bombinhas,Booking,https://www.booking.com/hotel/br/pousada-riviera-bombinhas.pt-br.html?checkin=2027-03-15&checkout=2027-03-22&group_adults=2&group_children=0&no_rooms=1,NAO,N/A,N/A,N/A,N/A,"Rodada 12B. Booking exibe: 'Não temos disponibilidade' para todas as categorias no período.",N/A,PRECISA_VALIDACAO_MANUAL
2026-07-29,2027-03-15,2027-03-22,7,2,Pousada Arágua,base (Organic/Fuego/Metallo),Pousada Kia Ora Bombinhas,Booking,https://www.booking.com/hotel/br/kia-ora-bombinhas.pt-br.html?checkin=2027-03-15&checkout=2027-03-22&group_adults=2&group_children=0&no_rooms=1,SIM,"R$ 4.950,00","R$ 707,14",SIM,"não informado","Rodada 12B. Âncora: Quarto Duplo Deluxe com Vista Lateral do Mar (plano mais barato entre 2 opções da mesma categoria).","R$ 565,71",COLETADO_COM_SUCESSO
2026-07-29,2027-03-15,2027-03-22,7,2,Pousada Arágua,base (Organic/Fuego/Metallo),Pousada dos Ingleses,Booking,https://www.booking.com/hotel/br/pousada-dos-ingleses.pt-br.html?checkin=2027-03-15&checkout=2027-03-22&group_adults=2&group_children=0&no_rooms=1,NAO,N/A,N/A,N/A,N/A,"Rodada 12B. Âncora aprovada (Quarto Duplo Clássico) não aparecia entre as categorias disponíveis — provável esgotamento. Só Chalé Master, Quarto Duplo Básico e Suíte seguiam à venda, não usadas.",N/A,PRECISA_VALIDACAO_MANUAL
2026-07-29,2027-03-15,2027-03-22,7,2,Pousada Arágua,base (Organic/Fuego/Metallo),Pousada Dom Capudi,Booking,https://www.booking.com/hotel/br/pousada-dom-capudi.pt-br.html?checkin=2027-03-15&checkout=2027-03-22&group_adults=2&group_children=0&no_rooms=1,SIM,"R$ 3.259,00","R$ 465,57",SIM,"não informado","Rodada 12B. Âncora: Quarto Duplo.","R$ 372,46",COLETADO_COM_SUCESSO
2026-07-29,2027-03-15,2027-03-22,7,2,Pousada Arágua,base (Organic/Fuego/Metallo),Morada do Guaruça,Booking,https://www.booking.com/hotel/br/morada-do-guaruca.pt-br.html?checkin=2027-03-15&checkout=2027-03-22&group_adults=2&group_children=0&no_rooms=1,NAO,N/A,N/A,N/A,N/A,"Rodada 12B. Booking exibe: 'Não temos disponibilidade' para todas as categorias no período.",N/A,PRECISA_VALIDACAO_MANUAL
2026-07-29,2027-03-15,2027-03-22,7,2,Pousada Arágua,base (Organic/Fuego/Metallo),UP Hotel Boutique,Booking,https://www.booking.com/hotel/br/up-boutique.pt-br.html?checkin=2027-03-15&checkout=2027-03-22&group_adults=2&group_children=0&no_rooms=1,SIM,"R$ 4.182,00 (10% off; original R$ 4.646,00)","R$ 597,43",SIM,"não informado","Rodada 12B (ampliada). Âncora: Quarto Duplo Deluxe com Banheira (plano de 2 adultos mais barato).","R$ 477,94",COLETADO_COM_SUCESSO
2026-07-29,2027-03-15,2027-03-22,7,2,Pousada Arágua,base (Organic/Fuego/Metallo),Hotel/Pousada Atalaia do Mariscal,Booking,https://www.booking.com/hotel/br/pousada-atalaia-do-mariscal.pt-br.html?checkin=2027-03-15&checkout=2027-03-22&group_adults=2&group_children=0&no_rooms=1,SIM,"R$ 11.400,00","R$ 1.628,57",SIM,"não informado","Rodada 12B (teto de mercado). Âncora: Suíte Superior. Referência, não entra em nenhuma média. Sem aviso de escassez visível.","R$ 1.302,86",COLETADO_COM_SUCESSO
2026-07-29,2027-03-22,2027-03-26,4,2,Pousada Arágua,base (Organic/Fuego/Metallo),Vila Boa Vida,Booking,https://www.booking.com/hotel/br/vila-boa-vida.pt-br.html?checkin=2027-03-22&checkout=2027-03-26&group_adults=2&group_children=0&no_rooms=1,NAO,N/A,N/A,N/A,N/A,"Rodada 12C (pré-Páscoa, não inclui Páscoa). Booking exibe: 'Não temos disponibilidade' para todas as categorias no período.",N/A,PRECISA_VALIDACAO_MANUAL
2026-07-29,2027-03-22,2027-03-26,4,2,Pousada Arágua,base (Organic/Fuego/Metallo),Vila Maciel,Booking,https://www.booking.com/hotel/br/villa-maciel-bombinhas.pt-br.html?checkin=2027-03-22&checkout=2027-03-26&group_adults=2&group_children=0&no_rooms=1,SIM,"R$ 1.710,00","R$ 427,50",SIM,"não informado","Rodada 12C. Âncora: Apartamento Standard. Sem desconto ativo nesta rodada.","R$ 342,00",COLETADO_COM_SUCESSO
2026-07-29,2027-03-22,2027-03-26,4,2,Pousada Arágua,base (Organic/Fuego/Metallo),Pousada Kaloa Eco Village,Booking,https://www.booking.com/hotel/br/pousada-kaloa-eco-village.pt-br.html?checkin=2027-03-22&checkout=2027-03-26&group_adults=2&group_children=0&no_rooms=1,SIM,"R$ 1.978,00","R$ 494,50",SIM,"não informado","Rodada 12C. Âncora: Suíte Standard.","R$ 395,60",COLETADO_COM_SUCESSO
2026-07-29,2027-03-22,2027-03-26,4,2,Pousada Arágua,base (Organic/Fuego/Metallo),Pousada Riviera Bombinhas,Booking,https://www.booking.com/hotel/br/pousada-riviera-bombinhas.pt-br.html?checkin=2027-03-22&checkout=2027-03-26&group_adults=2&group_children=0&no_rooms=1,NAO,N/A,N/A,N/A,N/A,"Rodada 12C. Booking exibe: 'Não temos disponibilidade' para todas as categorias no período.",N/A,PRECISA_VALIDACAO_MANUAL
2026-07-29,2027-03-22,2027-03-26,4,2,Pousada Arágua,base (Organic/Fuego/Metallo),Pousada Kia Ora Bombinhas,Booking,https://www.booking.com/hotel/br/kia-ora-bombinhas.pt-br.html?checkin=2027-03-22&checkout=2027-03-26&group_adults=2&group_children=0&no_rooms=1,SIM,"R$ 2.657,00","R$ 664,25",SIM,"não informado","Rodada 12C. Âncora: Quarto Duplo Deluxe com Vista Lateral do Mar (plano mais barato entre 2 opções da mesma categoria).","R$ 531,40",COLETADO_COM_SUCESSO
2026-07-29,2027-03-22,2027-03-26,4,2,Pousada Arágua,base (Organic/Fuego/Metallo),Pousada dos Ingleses,Booking,https://www.booking.com/hotel/br/pousada-dos-ingleses.pt-br.html?checkin=2027-03-22&checkout=2027-03-26&group_adults=2&group_children=0&no_rooms=1,SIM,"R$ 1.395,00 + R$ 120,00 taxas","R$ 378,75",NAO,"não informado","Rodada 12C. Âncora: Quarto Duplo Clássico. Taxa separada, já somada.","R$ 303,00",COLETADO_COM_SUCESSO
2026-07-29,2027-03-22,2027-03-26,4,2,Pousada Arágua,base (Organic/Fuego/Metallo),Pousada Dom Capudi,Booking,https://www.booking.com/hotel/br/pousada-dom-capudi.pt-br.html?checkin=2027-03-22&checkout=2027-03-26&group_adults=2&group_children=0&no_rooms=1,SIM,"R$ 1.824,00","R$ 456,00",SIM,"não informado","Rodada 12C. Âncora: Quarto Duplo.","R$ 364,80",COLETADO_COM_SUCESSO
2026-07-29,2027-03-22,2027-03-26,4,2,Pousada Arágua,base (Organic/Fuego/Metallo),Morada do Guaruça,Booking,https://www.booking.com/hotel/br/morada-do-guaruca.pt-br.html?checkin=2027-03-22&checkout=2027-03-26&group_adults=2&group_children=0&no_rooms=1,NAO,N/A,N/A,N/A,N/A,"Rodada 12C. Booking exibe: 'Não temos disponibilidade' para todas as categorias no período.",N/A,PRECISA_VALIDACAO_MANUAL
2026-07-29,2027-03-22,2027-03-26,4,2,Pousada Arágua,base (Organic/Fuego/Metallo),UP Hotel Boutique,Booking,https://www.booking.com/hotel/br/up-boutique.pt-br.html?checkin=2027-03-22&checkout=2027-03-26&group_adults=2&group_children=0&no_rooms=1,SIM,"R$ 2.867,00 (8% off; original R$ 3.116,00)","R$ 716,75",SIM,"não informado","Rodada 12C (ampliada). Âncora: Quarto Duplo Deluxe com Banheira (plano de 2 adultos mais barato).","R$ 573,40",COLETADO_COM_SUCESSO
2026-07-29,2027-03-22,2027-03-26,4,2,Pousada Arágua,base (Organic/Fuego/Metallo),Hotel/Pousada Atalaia do Mariscal,Booking,https://www.booking.com/hotel/br/pousada-atalaia-do-mariscal.pt-br.html?checkin=2027-03-22&checkout=2027-03-26&group_adults=2&group_children=0&no_rooms=1,SIM,"R$ 7.200,00","R$ 1.800,00",SIM,"não informado","Rodada 12C (teto de mercado). Âncora: Suíte Superior. Referência, não entra em nenhuma média. Sem aviso de escassez visível.","R$ 1.440,00",COLETADO_COM_SUCESSO
2026-07-29,2027-03-26,2027-03-29,3,2,Pousada Arágua,base (Organic/Fuego/Metallo),Vila Boa Vida,Booking,https://www.booking.com/hotel/br/vila-boa-vida.pt-br.html?checkin=2027-03-26&checkout=2027-03-29&group_adults=2&group_children=0&no_rooms=1,NAO,N/A,N/A,N/A,N/A,"Rodada 13 (Páscoa, núcleo). Todas as 5 categorias exibiram 'Não disponível no nosso site para as suas datas', sem seção de datas alternativas nem aviso de esgotamento regional. Renildo alertou explicitamente que este concorrente pode abrir datas/tarifas mais perto da data — não usado como sinal forte de demanda.",N/A,DATAS_PODEM_NAO_ESTAR_ABERTAS
2026-07-29,2027-03-26,2027-03-29,3,2,Pousada Arágua,base (Organic/Fuego/Metallo),Vila Maciel,Booking,https://www.booking.com/hotel/br/villa-maciel-bombinhas.pt-br.html?checkin=2027-03-26&checkout=2027-03-29&group_adults=2&group_children=0&no_rooms=1,SIM,"R$ 1.102,00","R$ 367,33",SIM,"não informado","Rodada 13 (Páscoa, núcleo). Âncora: Apartamento Standard (tarifa não-reembolsável mais barata das 2 exibidas). 'Temos só mais 2'.","R$ 293,87",COLETADO_COM_SUCESSO
2026-07-29,2027-03-26,2027-03-29,3,2,Pousada Arágua,base (Organic/Fuego/Metallo),Pousada Kaloa Eco Village,Booking,https://www.booking.com/hotel/br/pousada-kaloa-eco-village.pt-br.html?checkin=2027-03-26&checkout=2027-03-29&group_adults=2&group_children=0&no_rooms=1,SIM,"R$ 1.484,00","R$ 494,67",SIM,"não informado","Rodada 13 (Páscoa, núcleo). Âncora: Suíte Standard. Única tarifa exibida para 2 adultos.","R$ 395,73",COLETADO_COM_SUCESSO
2026-07-29,2027-03-26,2027-03-29,3,2,Pousada Arágua,base (Organic/Fuego/Metallo),Pousada Riviera Bombinhas,Booking,https://www.booking.com/hotel/br/pousada-riviera-bombinhas.pt-br.html?checkin=2027-03-26&checkout=2027-03-29&group_adults=2&group_children=0&no_rooms=1,NAO,N/A,N/A,N/A,N/A,"Rodada 13 (Páscoa, núcleo). Todas as 3 categorias exibiram 'Não disponível no nosso site para as suas datas', sem seção de datas alternativas nem aviso regional. Sem evidência conclusiva de esgotamento real — não usado como sinal forte de demanda.",N/A,INDISPONIVEL_NAO_CONCLUSIVO
2026-07-29,2027-03-26,2027-03-29,3,2,Pousada Arágua,base (Organic/Fuego/Metallo),Pousada dos Ingleses,Booking,https://www.booking.com/hotel/br/pousada-dos-ingleses.pt-br.html?checkin=2027-03-26&checkout=2027-03-29&group_adults=2&group_children=0&no_rooms=1,SIM,"R$ 1.166,00 (R$ 1.046,00 + R$ 120,00 em impostos e taxas)","R$ 388,67",NAO,"não informado","Rodada 13 (Páscoa, núcleo). Âncora: Quarto Duplo Clássico. Site mostra preço-base separado dos impostos/taxas — R$120 somado manualmente conforme regra já registrada na cesta. 'Temos só mais 1'.","R$ 310,93",COLETADO_COM_SUCESSO
2026-07-29,2027-03-26,2027-03-29,3,2,Pousada Arágua,base (Organic/Fuego/Metallo),Pousada Dom Capudi,Booking,https://www.booking.com/hotel/br/pousada-dom-capudi.pt-br.html?checkin=2027-03-26&checkout=2027-03-29&group_adults=2&group_children=0&no_rooms=1,SIM,"R$ 1.368,00","R$ 456,00",SIM,"não informado","Rodada 13 (Páscoa, núcleo). Âncora: Quarto Duplo (tarifa não-reembolsável mais barata das 2 exibidas). 'Temos só mais 1'.","R$ 364,80",COLETADO_COM_SUCESSO
2026-07-29,2027-03-26,2027-03-29,3,2,Pousada Arágua,base (Organic/Fuego/Metallo),Pousada Kia Ora Bombinhas,Booking,https://www.booking.com/hotel/br/kia-ora-bombinhas.pt-br.html?checkin=2027-03-26&checkout=2027-03-29&group_adults=2&group_children=0&no_rooms=1,SIM,"R$ 1.654,00","R$ 551,33",SIM,"não informado","Rodada 13 (Páscoa, núcleo). Âncora: Quarto Duplo Deluxe com Vista Lateral do Mar (tarifa não-reembolsável mais barata das 2 exibidas). 'Temos só mais 1'.","R$ 441,07",COLETADO_COM_SUCESSO
2026-07-29,2027-03-26,2027-03-29,3,2,Pousada Arágua,base (Organic/Fuego/Metallo),Morada do Guaruça,Booking,https://www.booking.com/hotel/br/morada-do-guaruca.pt-br.html?checkin=2027-03-26&checkout=2027-03-29&group_adults=2&group_children=0&no_rooms=1,NAO,N/A,N/A,N/A,N/A,"Rodada 13 (Páscoa, ampliada). Âncora Apartamento de 1 Quarto indisponível para 26-29/03, mas a própria página exibiu seção 'Datas alternativas' com preços reais para dias próximos (1-9 de abril, R$758 a R$3.168) — calendário comprovadamente aberto e funcionando. Esgotamento real confirmado para esta janela específica — usado como sinal forte de demanda.",N/A,ESGOTADO_CONFIRMADO
2026-07-29,2027-03-26,2027-03-29,3,2,Pousada Arágua,base (Organic/Fuego/Metallo),UP Hotel Boutique,Booking,https://www.booking.com/hotel/br/up-boutique.pt-br.html?checkin=2027-03-26&checkout=2027-03-29&group_adults=2&group_children=0&no_rooms=1,NAO,N/A,N/A,N/A,N/A,"Rodada 13 (Páscoa, ampliada). Todas as 4 categorias indisponíveis. Página exibiu aviso explícito: 'Oferta limitada em Bombinhas nas suas datas: 5 cama e café (b&bs) como este já estão indisponíveis no nosso site' — sinal direto de esgotamento regional, usado como sinal forte de demanda.",N/A,ESGOTADO_CONFIRMADO
2026-07-29,2027-03-26,2027-03-29,3,2,Pousada Arágua,base (Organic/Fuego/Metallo),Hotel/Pousada Atalaia do Mariscal,Booking,https://www.booking.com/hotel/br/pousada-atalaia-do-mariscal.pt-br.html?checkin=2027-03-26&checkout=2027-03-29&group_adults=2&group_children=0&no_rooms=1,NAO,N/A,N/A,N/A,N/A,"Rodada 13 (Páscoa, teto de mercado). Todas as 9 categorias indisponíveis, sem datas alternativas nem aviso regional adicional nesta página. Referência apenas, não entra em nenhuma média — não usado como sinal forte de demanda.",N/A,INDISPONIVEL_NAO_CONCLUSIVO
2026-07-29,2027-04-19,2027-04-23,4,2,Pousada Arágua,base (Organic/Fuego/Metallo),Vila Boa Vida,Booking,https://www.booking.com/hotel/br/vila-boa-vida.pt-br.html?checkin=2027-04-19&checkout=2027-04-23&group_adults=2&group_children=0&no_rooms=1,NAO,N/A,N/A,N/A,N/A,"Rodada 14A (Abril, semana, núcleo). Todas as 5 categorias indisponíveis, sem datas alternativas nem aviso regional. Mesmo padrão de rodadas anteriores para este concorrente — não usado como sinal forte de demanda.",N/A,DATAS_PODEM_NAO_ESTAR_ABERTAS
2026-07-29,2027-04-19,2027-04-23,4,2,Pousada Arágua,base (Organic/Fuego/Metallo),Vila Maciel,Booking,https://www.booking.com/hotel/br/villa-maciel-bombinhas.pt-br.html?checkin=2027-04-19&checkout=2027-04-23&group_adults=2&group_children=0&no_rooms=1,SIM,"R$ 988,00","R$ 247,00",SIM,"não informado","Rodada 14A (Abril, semana, núcleo). Âncora: Apartamento Standard (tarifa não-reembolsável mais barata das 2 exibidas). 'Temos só mais 2'.","R$ 197,60",COLETADO_COM_SUCESSO
2026-07-29,2027-04-19,2027-04-23,4,2,Pousada Arágua,base (Organic/Fuego/Metallo),Pousada Kaloa Eco Village,Booking,https://www.booking.com/hotel/br/pousada-kaloa-eco-village.pt-br.html?checkin=2027-04-19&checkout=2027-04-23&group_adults=2&group_children=0&no_rooms=1,SIM,"R$ 1.978,00","R$ 494,50",SIM,"não informado","Rodada 14A (Abril, semana, núcleo). Âncora: Suíte Standard. Sem aviso de escassez.","R$ 395,60",COLETADO_COM_SUCESSO
2026-07-29,2027-04-19,2027-04-23,4,2,Pousada Arágua,base (Organic/Fuego/Metallo),Pousada Riviera Bombinhas,Booking,https://www.booking.com/hotel/br/pousada-riviera-bombinhas.pt-br.html?checkin=2027-04-19&checkout=2027-04-23&group_adults=2&group_children=0&no_rooms=1,SIM,"R$ 1.697,00","R$ 424,25",SIM,"não informado","Rodada 14A (Abril, semana, núcleo). Âncora: Suíte Loft Riviera. 'Temos só mais 6'.","R$ 339,40",COLETADO_COM_SUCESSO
2026-07-29,2027-04-19,2027-04-23,4,2,Pousada Arágua,base (Organic/Fuego/Metallo),Pousada dos Ingleses,Booking,https://www.booking.com/hotel/br/pousada-dos-ingleses.pt-br.html?checkin=2027-04-19&checkout=2027-04-23&group_adults=2&group_children=0&no_rooms=1,SIM,"R$ 1.515,00 (R$ 1.395,00 + R$ 120,00 em impostos e taxas)","R$ 378,75",NAO,"não informado","Rodada 14A (Abril, semana, núcleo). Âncora: Quarto Duplo Clássico. R$120 somado manualmente conforme regra já registrada. 'Temos só mais 1'.","R$ 303,00",COLETADO_COM_SUCESSO
2026-07-29,2027-04-19,2027-04-23,4,2,Pousada Arágua,base (Organic/Fuego/Metallo),Pousada Dom Capudi,Booking,https://www.booking.com/hotel/br/pousada-dom-capudi.pt-br.html?checkin=2027-04-19&checkout=2027-04-23&group_adults=2&group_children=0&no_rooms=1,NAO,N/A,N/A,N/A,N/A,"Rodada 14A (Abril, semana, núcleo). Todas as 7 categorias indisponíveis, sem datas alternativas nem aviso regional. Não usado como sinal forte de demanda.",N/A,INDISPONIVEL_NAO_CONCLUSIVO
2026-07-29,2027-04-19,2027-04-23,4,2,Pousada Arágua,base (Organic/Fuego/Metallo),Pousada Kia Ora Bombinhas,Booking,https://www.booking.com/hotel/br/kia-ora-bombinhas.pt-br.html?checkin=2027-04-19&checkout=2027-04-23&group_adults=2&group_children=0&no_rooms=1,SIM,"R$ 2.151,00","R$ 537,75",SIM,"não informado","Rodada 14A (Abril, semana, núcleo). Âncora: Quarto Duplo Deluxe com Vista Lateral do Mar (tarifa não-reembolsável mais barata das 2 exibidas). 'Temos só mais 1'.","R$ 430,20",COLETADO_COM_SUCESSO
2026-07-29,2027-04-19,2027-04-23,4,2,Pousada Arágua,base (Organic/Fuego/Metallo),Morada do Guaruça,Booking,https://www.booking.com/hotel/br/morada-do-guaruca.pt-br.html?checkin=2027-04-19&checkout=2027-04-23&group_adults=2&group_children=0&no_rooms=1,SIM,"R$ 2.130,00","R$ 532,50",SIM,"não informado","Rodada 14A (Abril, semana, ampliada). Âncora: Apartamento de 1 Quarto. 'Temos só mais 6'.","R$ 426,00",COLETADO_COM_SUCESSO
2026-07-29,2027-04-19,2027-04-23,4,2,Pousada Arágua,base (Organic/Fuego/Metallo),UP Hotel Boutique,Booking,https://www.booking.com/hotel/br/up-boutique.pt-br.html?checkin=2027-04-19&checkout=2027-04-23&group_adults=2&group_children=0&no_rooms=1,NAO,N/A,N/A,N/A,N/A,"Rodada 14A (Abril, semana, ampliada). Todas as 4 categorias indisponíveis. Aviso explícito: 'Oferta limitada em Bombinhas nas suas datas: 6 cama e café (b&bs) como este já estão indisponíveis no nosso site' — sinal direto de esgotamento regional, usado como sinal forte de demanda.",N/A,ESGOTADO_CONFIRMADO
2026-07-29,2027-04-19,2027-04-23,4,2,Pousada Arágua,base (Organic/Fuego/Metallo),Hotel/Pousada Atalaia do Mariscal,Booking,https://www.booking.com/hotel/br/pousada-atalaia-do-mariscal.pt-br.html?checkin=2027-04-19&checkout=2027-04-23&group_adults=2&group_children=0&no_rooms=1,NAO,N/A,N/A,N/A,N/A,"Rodada 14A (Abril, semana, teto de mercado). Todas as 9 categorias indisponíveis, sem datas alternativas nem aviso regional. Referência apenas, não entra em média.",N/A,INDISPONIVEL_NAO_CONCLUSIVO
2026-07-29,2027-04-23,2027-04-25,2,2,Pousada Arágua,base (Organic/Fuego/Metallo),Vila Boa Vida,Booking,https://www.booking.com/hotel/br/vila-boa-vida.pt-br.html?checkin=2027-04-23&checkout=2027-04-25&group_adults=2&group_children=0&no_rooms=1,NAO,N/A,N/A,N/A,N/A,"Rodada 14B (Abril, fim de semana, núcleo). Todas as 5 categorias indisponíveis, sem datas alternativas nem aviso regional. Não usado como sinal forte de demanda.",N/A,DATAS_PODEM_NAO_ESTAR_ABERTAS
2026-07-29,2027-04-23,2027-04-25,2,2,Pousada Arágua,base (Organic/Fuego/Metallo),Vila Maciel,Booking,https://www.booking.com/hotel/br/villa-maciel-bombinhas.pt-br.html?checkin=2027-04-23&checkout=2027-04-25&group_adults=2&group_children=0&no_rooms=1,SIM,"R$ 551,00","R$ 275,50",SIM,"não informado","Rodada 14B (Abril, fim de semana, núcleo). Âncora: Apartamento Standard (tarifa não-reembolsável mais barata das 2 exibidas). 'Temos só mais 2'.","R$ 220,40",COLETADO_COM_SUCESSO
2026-07-29,2027-04-23,2027-04-25,2,2,Pousada Arágua,base (Organic/Fuego/Metallo),Pousada Kaloa Eco Village,Booking,https://www.booking.com/hotel/br/pousada-kaloa-eco-village.pt-br.html?checkin=2027-04-23&checkout=2027-04-25&group_adults=2&group_children=0&no_rooms=1,SIM,"R$ 989,00","R$ 494,50",SIM,"não informado","Rodada 14B (Abril, fim de semana, núcleo). Âncora: Suíte Standard. Sem aviso de escassez.","R$ 395,60",COLETADO_COM_SUCESSO
2026-07-29,2027-04-23,2027-04-25,2,2,Pousada Arágua,base (Organic/Fuego/Metallo),Pousada Riviera Bombinhas,Booking,https://www.booking.com/hotel/br/pousada-riviera-bombinhas.pt-br.html?checkin=2027-04-23&checkout=2027-04-25&group_adults=2&group_children=0&no_rooms=1,NAO,N/A,N/A,N/A,N/A,"Rodada 14B (Abril, fim de semana, núcleo). Todas as 3 categorias indisponíveis (diferente de 14A, onde estava disponível), sem datas alternativas nem aviso regional. Não usado como sinal forte de demanda.",N/A,INDISPONIVEL_NAO_CONCLUSIVO
2026-07-29,2027-04-23,2027-04-25,2,2,Pousada Arágua,base (Organic/Fuego/Metallo),Pousada dos Ingleses,Booking,https://www.booking.com/hotel/br/pousada-dos-ingleses.pt-br.html?checkin=2027-04-23&checkout=2027-04-25&group_adults=2&group_children=0&no_rooms=1,SIM,"R$ 818,00 (R$ 698,00 + R$ 120,00 em impostos e taxas)","R$ 409,00",NAO,"não informado","Rodada 14B (Abril, fim de semana, núcleo). Âncora: Quarto Duplo Clássico. R$120 somado manualmente. 'Temos só mais 1'.","R$ 327,20",COLETADO_COM_SUCESSO
2026-07-29,2027-04-23,2027-04-25,2,2,Pousada Arágua,base (Organic/Fuego/Metallo),Pousada Dom Capudi,Booking,https://www.booking.com/hotel/br/pousada-dom-capudi.pt-br.html?checkin=2027-04-23&checkout=2027-04-25&group_adults=2&group_children=0&no_rooms=1,NAO,N/A,N/A,N/A,N/A,"Rodada 14B (Abril, fim de semana, núcleo). Todas as 7 categorias indisponíveis, mesmo padrão de 14A. Não usado como sinal forte de demanda.",N/A,INDISPONIVEL_NAO_CONCLUSIVO
2026-07-29,2027-04-23,2027-04-25,2,2,Pousada Arágua,base (Organic/Fuego/Metallo),Pousada Kia Ora Bombinhas,Booking,https://www.booking.com/hotel/br/kia-ora-bombinhas.pt-br.html?checkin=2027-04-23&checkout=2027-04-25&group_adults=2&group_children=0&no_rooms=1,NAO,N/A,N/A,N/A,N/A,"Rodada 14B (Abril, fim de semana, núcleo). Todas as 7 categorias indisponíveis (diferente de 14A, onde estava disponível), sem datas alternativas nem aviso regional. Não usado como sinal forte de demanda.",N/A,INDISPONIVEL_NAO_CONCLUSIVO
2026-07-29,2027-04-23,2027-04-25,2,2,Pousada Arágua,base (Organic/Fuego/Metallo),Morada do Guaruça,Booking,https://www.booking.com/hotel/br/morada-do-guaruca.pt-br.html?checkin=2027-04-23&checkout=2027-04-25&group_adults=2&group_children=0&no_rooms=1,SIM,"R$ 1.118,00","R$ 559,00",SIM,"não informado","Rodada 14B (Abril, fim de semana, ampliada). Âncora: Apartamento de 1 Quarto. 'Temos só mais 6'.","R$ 447,20",COLETADO_COM_SUCESSO
2026-07-29,2027-04-23,2027-04-25,2,2,Pousada Arágua,base (Organic/Fuego/Metallo),UP Hotel Boutique,Booking,https://www.booking.com/hotel/br/up-boutique.pt-br.html?checkin=2027-04-23&checkout=2027-04-25&group_adults=2&group_children=0&no_rooms=1,NAO,N/A,N/A,N/A,N/A,"Rodada 14B (Abril, fim de semana, ampliada). Todas as 4 categorias indisponíveis. Mesmo aviso explícito: '6 cama e café já indisponíveis' — sinal direto de esgotamento regional, usado como sinal forte de demanda.",N/A,ESGOTADO_CONFIRMADO
2026-07-29,2027-04-23,2027-04-25,2,2,Pousada Arágua,base (Organic/Fuego/Metallo),Hotel/Pousada Atalaia do Mariscal,Booking,https://www.booking.com/hotel/br/pousada-atalaia-do-mariscal.pt-br.html?checkin=2027-04-23&checkout=2027-04-25&group_adults=2&group_children=0&no_rooms=1,NAO,N/A,N/A,N/A,N/A,"Rodada 14B (Abril, fim de semana, teto de mercado). Todas as 9 categorias indisponíveis, sem datas alternativas nem aviso regional. Referência apenas, não entra em média.",N/A,INDISPONIVEL_NAO_CONCLUSIVO
